site,date,date_basis,section,source,title,url
google-sites,2026-09-06,listed on the old site,effects,Guardian,Hawaii declares state of emergency as Hurricane Lowell approaches islands,https://www.theguardian.com/us-news/2026/sep/06/hawaii-hurricane-lowell-state-of-emergency
google-sites,2026-09-06,listed on the old site,effects,Reuters,"'Slumping' South Korean corals worry divers, scientists studying climate change",https://www.reuters.com/business/environment/slumping-south-korean-corals-worry-divers-scientists-studying-climate-change-2026-09-07/
google-sites,2026-09-06,listed on the old site,effects,Reuters,"Wildfires, heat waves threaten to undermine air quality, UN weather agency says",https://www.reuters.com/sustainability/cop/wildfires-heat-waves-threaten-undermine-air-quality-un-weather-agency-says-2026-09-07/
google-sites,2026-09-05,listed on the old site,other,NYTimes,"We Can Show You How Much Hotter Summer Has Gotten Where You Live, Editorial Board",https://www.nytimes.com/interactive/2026/09/05/opinion/editorials/extreme-heat-summer.html
google-sites,2026-09-04,listed on the old site,other,[PODCAST] TED Radio Hour,"Less guilt, more joy: A new chapter for climate action",https://open.spotify.com/episode/4hdnPQ9LVVnhhxeuhGUz6d?si=7RxDavU3TG6XyqRjRkDtTQ&utm_source=copy-link&nd=1&dlsi=d4568d7dd122426f
google-sites,2026-07-13,listed on the old site,solutions,Time of India,"Scientists tried to thicken Arctic ice by pumping seawater onto it. The ice did become thicker and brighter, but there is a big catch","https://timesofindia.indiatimes.com/science/scientists-tried-to-thicken-arctic-ice-by-pumping-seawater-onto-it-the-ice-did-become-thicker-and-brighter-but-there-is-a-big-catch/amp_articleshow/132239437.cms?shem=rimspwouohe,"
google-sites,2026-07-06,listed on the old site,effects,ClimateCrisis,US Cities Projected To Become Deserts In 50 Years,"https://www.yahoo.com/news/science/articles/us-cities-projected-become-deserts-131000570.html?shem=dsdf,sharefoc,agadiscoversdl,,sh/x/discover/m1/4"
google-sites,2026-06-30,listed on the old site,effects,BBC,Map shows risk to coastal towns as sea levels rise,"https://www.bbc.com/news/articles/crr8x58edwno?shem=rimspwouohe,"
google-sites,2026-06-25,listed on the old site,causes,ProPublica,Beyond Denial: How Oil Execs Shaped a Landmark Climate Study,https://www.propublica.org/article/wedges-climate-research-bp-fossil-fuel-princeton
google-sites,2026-06-25,listed on the old site,causes,ProPublica,False Promises: Why carbon capture and storage won’t fix our climate crisis,https://projects.propublica.org/why-carbon-capture-cant-solve-climate-change/
google-sites,2026-06-15,listed on the old site,effects,Gizmodo,‘This Is Absolutely Crazy’: Antarctic Temperatures Hit a Record High This Month,https://gizmodo.com/this-is-absolutely-crazy-antarctic-temperatures-hit-a-record-high-this-month-2000771232
google-sites,2026-06-05,listed on the old site,causes,EuroNews,"Gender emissions gap: Rich white men’s jobs, diets and hobbies found to be ‘bad for the planet’",https://www.euronews.com/2026/05/06/gender-emissions-gap-rich-white-mens-jobs-diets-and-hobbies-found-to-be-bad-for-the-planet
google-sites,2026-06-05,listed on the old site,effects,Earth.com,Hail risk is shifting toward major farming regions as the climate warms,https://www.earth.com/news/hail-risk-is-shifting-toward-major-farming-regions-as-the-climate-warms/
google-sites,2026-06-05,listed on the old site,effects,Earth.com,Hail risk is shifting toward major farming regions as the climate warms,http://earth.com
google-sites,2026-06-04,listed on the old site,effects,NewScientist,Mysterious ‘cold blob’ in the Atlantic suggests the AMOC is weakening,https://www.newscientist.com/article/2529078-mysterious-cold-blob-in-the-atlantic-suggests-the-amoc-is-weakening/
google-sites,2026-06-01,listed on the old site,causes,NYTimes,Trump Administration to Dismantle Ocean Monitoring System,https://www.nytimes.com/2026/06/01/climate/ocean-observatories-initiative.html?searchResultPosition=1
google-sites,2026-06-01,listed on the old site,other,Time,"What to Know About Rubisco, the Most Abundant Protein on Earth",https://time.com/article/2026/06/01/what-is-rubisco-abundant-protein-earth/
google-sites,2026-05-31,listed on the old site,effects,BBCWildlife,Siberia’s ‘Gateway to Hell’ is getting bigger. And it’s spewing out prehistoric animals,https://www.discoverwildlife.com/environment/batagay-crater-gateway-to-hell
google-sites,2026-05-28,listed on the old site,effects,AP,"Think it’s hot now? The next five years will smash records, UN says",https://apnews.com/article/climate-change-warming-heat-wave-record-future-53d79525a06f09d9ace45a141dbebb01
google-sites,2026-05-14,listed on the old site,solutions,AP,Trump administration aims to roll back limits on toxic wastewater from coal-fired power plants,https://apnews.com/article/trump-coal-wastewater-epa-artificial-intelligence-5889bbddc821275731eabb6687ba9e6e
google-sites,2026-05-13,listed on the old site,effects,Gizmodo,Worst-Case Scenarios for El Niño Are Literally Off the Charts,https://gizmodo.com/worst-case-scenarios-for-el-nino-are-literally-off-the-charts-2000758126
google-sites,2026-05-08,listed on the old site,effects,NewScientist,There has been a sudden increase in the rate of sea level rise,https://www.newscientist.com/article/2525773-there-has-been-a-sudden-increase-in-the-rate-of-sea-level-rise/
google-sites,2026-05-07,listed on the old site,effects,Grist,Close calls at Michigan’s dams are a climate warning to America,https://grist.org/extreme-weather/close-calls-at-michigans-dams-are-a-climate-warning-to-america/
google-sites,2026-05-07,listed on the old site,effects,Yale360,Why Fears Are Growing Over the Fate of a Key Atlantic Current,https://e360.yale.edu/features/amoc-climate-change
google-sites,2026-05-06,listed on the old site,solutions,Euronews,Sweden generates 99% of electricity from clean sources. So why is wind power under attack?,https://www.euronews.com/2026/05/06/sweden-generates-99-of-electricity-from-clean-sources-so-why-is-wind-power-under-attack
google-sites,2026-05-04,listed on the old site,effects,Guardian,"‘Point of no return’: New Orleans relocation must start now due to sea level, study finds",https://www.theguardian.com/us-news/2026/may/04/new-orleans-sea-levels-relocation-climate-crisis?CMP=oth_b-aplnews_d-1
google-sites,2026-04-30,listed on the old site,other,Nation.,A Climate Change Novel That Questions Everything,https://www.thenation.com/article/culture/jon-raymond-god-sex-review/
google-sites,2026-04-30,listed on the old site,solutions,Guardian,‘Historic breakthrough’: Colombia climate talks end with hopes raised for fossil fuel phaseout,https://www.theguardian.com/environment/2026/apr/30/colombia-climate-talks-end-fossil-fuel-phaseout?CMP=oth_b-aplnews_d-1
google-sites,2026-04-29,listed on the old site,other,Guardian,"‘Suicidal’ model of capitalism leading to war and fascism, climate summit told",https://www.theguardian.com/environment/2026/apr/29/capitalism-colombia-climate-summit-gustavo-petro?CMP=oth_b-aplnews_d-1
google-sites,2026-04-27,listed on the old site,other,NYTimes,The Prepper Delusion,https://www.nytimes.com/2026/04/27/opinion/the-prepper-delusion.html
google-sites,2026-04-26,listed on the old site,effects,ScienceDaily,Panama’s ocean lifeline vanishes for the first time in 40 years,https://www.sciencedaily.com/releases/2026/04/260426012253.htm
google-sites,2026-04-25,listed on the old site,other,Time,A New Generation of Climate Leaders Is Our Last Hope,https://time.com/article/2026/04/24/a-new-generation-of-climate-leaders-are-our-last-hope/
google-sites,2026-04-25,listed on the old site,effects,InsideClimateNews,The Next El Niño Could Lock Earth Into a Hotter Climate,https://insideclimatenews.org/news/25042026/el-nino-earth-warming/
google-sites,2026-04-24,listed on the old site,effects,Guardian,What is a ‘super El Niño’ and what might it mean for the global climate?,https://www.theguardian.com/environment/2026/apr/23/down-to-earth-super-el-nino-extreme-weather?CMP=oth_b-aplnews_d-1
google-sites,2026-04-24,listed on the old site,effects,Earth.com,"Wildfires no longer 'sleep' at night, and it’s making them harder to stop",https://www.earth.com/news/wildfires-no-longer-sleep-at-night-and-its-making-them-harder-to-stop/
google-sites,2026-04-23,listed on the old site,other,Guardian,A catastrophic climate event is upon us. Here is why you’ve heard so little about it,https://www.theguardian.com/commentisfree/2026/apr/23/catastrophic-climate-event-scientists-atlantic-system-collapse-billionaire-existential-crisis?CMP=oth_b-aplnews_d-1
google-sites,2026-04-23,listed on the old site,other,Reuters,Explainer: How El Nino could impact the world's weather in 2026/27,https://www.reuters.com/business/environment/how-el-nino-could-impact-worlds-weather-202627-2026-04-24/
google-sites,2026-04-23,listed on the old site,effects,Street,JPMorgan has a stark message on climate change,https://www.thestreet.com/investing/jpmorgan-has-stark-message-on-climate-change-tipping-points
google-sites,2026-04-23,listed on the old site,effects,USAToday,2 studies warn 'Day After Tomorrow' ocean current is in trouble,https://www.usatoday.com/story/news/weather/2026/04/23/studies-warn-amoc-ocean-current-in-trouble/89720003007/
google-sites,2026-04-22,listed on the old site,other,HollywoodReporter,Al Gore Isn’t Worried Trump Is Killing the Climate,https://www.hollywoodreporter.com/movies/movie-features/al-gore-interview-climate-change-trump-inconvenient-truth-1236565723/
google-sites,2026-04-22,listed on the old site,effects,Guardian,Wildfires burning across Georgia and Florida destroy homes and force evacuations,https://www.theguardian.com/us-news/2026/apr/22/georgia-florida-wildfires?CMP=oth_b-aplnews_d-1
google-sites,2026-04-21,listed on the old site,solutions,Anthropocene,"An AI trained on 13,000 virtual worlds just projected our renewable energy future",https://www.anthropocenemagazine.org/2026/04/an-ai-trained-on-13000-virtual-worlds-just-projected-our-renewable-energy-future/
google-sites,2026-04-21,listed on the old site,solutions,ArsTechnia,Global growth in solar “the largest ever observed for any source”,https://arstechnica.com/science/2026/04/global-growth-in-solar-the-largest-ever-observed-for-any-source/
google-sites,2026-04-21,listed on the old site,effects,LiveScience,'Nations need to prepare now': Key Atlantic ocean current is much closer to collapse than scientists thought,https://www.livescience.com/planet-earth/climate-change/nations-need-to-prepare-now-key-atlantic-ocean-current-is-much-closer-to-collapse-than-scientists-thought
google-sites,2026-04-21,listed on the old site,effects,Phys.org,"Simple ocean-based model forecasts a powerful El Niño, over 2 °C warmer than normal",https://phys.org/news/2026-04-simple-ocean-based-powerful-el.html#google_vignette
google-sites,2026-04-21,listed on the old site,effects,Phys.org,"Simple ocean-based model forecasts a powerful El Niño, over 2 °C warmer than normal",http://phys.org
google-sites,2026-04-20,listed on the old site,effects,Slate,Who Killed the Florida Orange?,https://slate.com/business/2026/04/florida-state-orange-food-houses-real-estate.html
google-sites,2026-04-18,listed on the old site,solutions,EuroNews,Too hot for solar and too much wind for turbines: Can renewables withstand our worsening climate?,https://www.euronews.com/2026/04/19/too-hot-for-solar-and-too-much-wind-for-turbines-can-renewables-withstand-our-worsening-cl
google-sites,2026-04-17,listed on the old site,other,Grist,Ask a Climate Therapist: Apocalypse when?,https://grist.org/looking-forward/ask-a-climate-therapist-apocalypse-when/
google-sites,2026-04-16,listed on the old site,effects,Gizmodo,A Critical Ocean Current System May Be Unraveling Faster Than We Thought,https://gizmodo.com/a-critical-ocean-current-system-may-be-unraveling-faster-than-we-thought-2000747593
google-sites,2026-04-16,listed on the old site,effects,Gizmodo,Iceland Just Got Its First Mosquitoes. Scientists Aren’t Ready for What Comes Next,https://gizmodo.com/iceland-just-got-its-first-mosquitoes-scientists-arent-ready-for-what-comes-next-2000747401
google-sites,2026-04-16,listed on the old site,causes,MotherJones,Inside That Weird Anti-Science Conference Where Trump’s EPA Chief Delivered the Keynote,https://www.motherjones.com/politics/2026/04/heartland-institute-anti-science-conference-climate-deniers-epa-administrator-lee-zeldin-keynote-speech/
google-sites,2026-04-13,listed on the old site,effects,NewScientist,Collapse of key ocean current may release billions of tonnes of carbon,https://www.newscientist.com/article/2522765-collapse-of-key-ocean-current-may-release-billions-of-tonnes-of-carbon/
google-sites,2026-04-10,listed on the old site,effects,National Geographic,What a ‘super’ El Niño means for the planet,https://www.nationalgeographic.com/environment/article/super-el-nino-extreme-weather-climate
google-sites,2026-04-09,listed on the old site,causes,NYTimes,Climate Denial Comes to Washington,https://www.nytimes.com/2026/04/09/climate/climate-denial-comes-to-washington.html?unlocked_article_code=1.aFA.tLvu.71iZHtWYeWJu&smid=nytcore-ios-share
google-sites,2026-04-09,listed on the old site,effects,USAToday,Super El Niño? Forecasters announce major climate shift,https://www.usatoday.com/story/news/weather/2026/04/09/el-nino-climate-shift-la-nina/89514873007/
google-sites,2026-04-09,listed on the old site,causes,MotherJones,Trump’s EPA Chief Delivers the Keynote at a Conference of Climate Change Deniers,https://www.motherjones.com/politics/2026/04/trump-epa-administrator-lee-zeldin-delivers-keynote-heartland-institute-conference-climate-change-deniers/
google-sites,2026-04-08,listed on the old site,effects,Guardian,"‘Non-survivable’: heatwaves are already breaching human limits, with worse to come, study finds",https://www.theguardian.com/environment/2026/apr/08/extreme-weather-heatwaves-breaching-human-survival-limits-study-finds?CMP=oth_b-aplnews_d-1
google-sites,2026-04-08,listed on the old site,effects,DiscoverWildlife,Satellite images reveal hidden cause of melting glaciers in Greenland,https://www.discoverwildlife.com/environment/ice-marginal-lakes-greenland
google-sites,2026-04-08,listed on the old site,other,Grist,What to expect when you’re expecting the end of the world,https://grist.org/culture/jem-bendell-society-collapse-deep-adaptation-doom/
google-sites,2026-04-07,listed on the old site,solutions,Nation,A New Economic Superpower Could Spark a Retreat From Fossil Fuels,https://www.thenation.com/article/environment/just-transition-away-fossil-fuels-conference/
google-sites,2026-04-07,listed on the old site,other,Conversation,Earthrise to Earthset: how the planet’s climate has changed since the photo that inspired the environmental movement,https://theconversation.com/earthrise-to-earthset-how-the-planets-climate-has-changed-since-the-photo-that-inspired-the-environmental-movement-279818
google-sites,2026-04-07,listed on the old site,causes,ProPublica,“Economic Civil War”: States Push Laws to Shield Oil and Gas Companies From Accountability,https://www.propublica.org/article/climate-change-alec-leonard-leo-lawsuits-fossil-fuel-oil-gas-immunity
google-sites,2026-04-07,listed on the old site,other,Earth.com,Powerful ocean current changed Earth’s climate - but it didn’t act alone,https://www.earth.com/news/powerful-ocean-current-changed-earths-climate-but-it-didnt-act-alone/
google-sites,2026-04-05,listed on the old site,solutions,InsideClimateNews,"As Vermont Defends Its Law to Make Fossil Fuel Firms Pay for Climate Adaptation, the Bill Is Already Coming Due",https://insideclimatenews.org/news/05042026/vermont-defends-climate-superfund-law/
google-sites,2026-04-05,listed on the old site,solutions,Politico,Florida communities with highest climate change risk face new Tallahassee hurdles,https://www.politico.com/news/2026/04/05/florida-communities-with-highest-climate-change-risk-face-new-tallahassee-hurdles-00858235?cid=apn
google-sites,2026-04-04,listed on the old site,effects,Guardian,Record high ocean temperatures off southern California raise fears of prolonged marine heatwave,https://www.theguardian.com/us-news/2026/apr/04/high-ocean-temperatures-california-marine-heatwave
google-sites,2026-04-04,listed on the old site,effects,Earth.com,"Scientists warn the Gulf Stream is shifting north, which means an ocean current collapse is imminent",https://www.earth.com/news/gulf-stream-shifting-north-raising-concerns-about-amoc-ocean-current-collapse/
google-sites,2026-04-04,listed on the old site,other,Hill,The US should shape the global climate adaptation market,https://thehill.com/opinion/energy-environment/5814681-climate-adaptation-investment-gap/
google-sites,2026-04-03,listed on the old site,effects,Newsweek,Experts Warn Severe Change To Weather Coming: ‘Risky Conditions’,https://www.newsweek.com/experts-warn-record-breaking-heat-summer-2026-11776002
google-sites,2026-04-01,listed on the old site,effects,ScientificAmerica,The Alaskan permafrost is thawing. Here’s why that’s so worrying,https://www.scientificamerican.com/article/the-alaskan-permafrost-is-thawing-heres-why-thats-so-worrying/
google-sites,2026-04-01,listed on the old site,effects,LiveScience,"Extreme wildfires, droughts and storms could happen even under moderate global warming, study finds",https://www.livescience.com/planet-earth/climate-change/extreme-wildfires-droughts-and-storms-could-happen-even-under-moderate-global-warming-study-finds
google-sites,2026-03-31,listed on the old site,effects,Grist,Oceans are absorbing the Earth’s excess energy. That’s bad news for food systems,https://grist.org/food-and-agriculture/oceans-are-absorbing-the-earths-excess-energy-thats-bad-news-for-food-systems/
google-sites,2026-03-31,listed on the old site,solutions,Reuters,Renewables grew to almost 50% of global electricity capacity in 2025 after solar boost,https://www.reuters.com/business/energy/renewables-grew-almost-50-global-electricity-capacity-2025-after-solar-boost-2026-03-31/
google-sites,2026-03-31,listed on the old site,solutions,VemontPublic,Vermont defends its landmark climate superfund law against Trump administration lawsuit,https://www.vermontpublic.org/local-news/2026-03-31/vermont-defends-its-landmark-climate-superfund-law-against-trump-administration-lawsuit
google-sites,2026-03-31,listed on the old site,other,Vice,Why It Looked Like the Apocalypse Came to Australia Last Week,https://www.vice.com/en/article/why-it-looked-like-the-apocalypse-came-to-australia-last-week/
google-sites,2026-03-27,listed on the old site,causes,AP,"AI’s arrival complicates Big Tech climate goals, and some worry it’s locking in more fossil fuels",https://apnews.com/article/technology-artificial-intelligence-climate-change-data-centers-ef3a9c264bd6376d77e2c81ab266fb38
google-sites,2026-03-25,listed on the old site,causes,MotherJones,Trump Officials Claim They Gutted This $400 Billion Climate Program. They Didn’t,https://www.motherjones.com/politics/2026/03/trump-energy-department-climate-loan-program-biden-ira/
google-sites,2026-03-23,listed on the old site,effects,WashingtonPost,Where summer-like heat has shattered records — and where it will spread next,https://www.washingtonpost.com/weather/2026/03/23/west-record-heat-spreads-plains-midwest/
google-sites,2026-03-23,listed on the old site,effects,Guardian,Earth being ‘pushed beyond its limits’ as energy imbalance reaches record high,https://www.theguardian.com/environment/2026/mar/23/earth-being-pushed-beyond-its-limits-as-energy-imbalance-reaches-record-high?CMP=oth_b-aplnews_d-1
google-sites,2026-03-22,listed on the old site,effects,NYTimes,"The Balance That Keeps Climate Stable Is Out of Whack, U.N. Report Finds",https://www.nytimes.com/2026/03/22/climate/energy-imbalance-un-report.html
google-sites,2026-03-22,listed on the old site,effects,NBC,The West's record-shattering heat wave isn't over as heat dome shifts into the Plains,https://www.nbcnews.com/weather/heat/blistering-heat-wave-across-western-us-rcna264506
google-sites,2026-03-22,listed on the old site,effects,Gaurdian,"Weather extremes gripping US bear climate crisis ‘fingerprint’, experts say",https://www.theguardian.com/us-news/2026/mar/22/climate-crisis-march-extreme-weather?CMP=oth_b-aplnews_d-1
google-sites,2026-03-20,listed on the old site,effects,Newsweek,California Heat Wave Fuels ‘Nonstop’ Atmospheric River,https://www.newsweek.com/california-heat-wave-fuels-nonstop-atmospheric-river-11711052
google-sites,2026-03-20,listed on the old site,effects,arsTechnica,The US is looking at a year of chaotic weather,https://arstechnica.com/science/2026/03/the-us-is-looking-at-a-year-of-chaotic-weather/
google-sites,2026-03-19,listed on the old site,other,Nation,The Silencing Power of Big Oil’s Climate Lies,https://www.thenation.com/article/environment/the-silencing-power-of-big-oils-climate-lies/
google-sites,2026-03-19,listed on the old site,other,Atlantic,There’s No Way the American West Will Have a Normal Summer,https://www.theatlantic.com/science/2026/03/west-heat-wave/686457/?utm_source=apple_news
google-sites,2026-03-19,listed on the old site,effects,AccuWeather,"Western heat wave shatters March records, to expand with more extremes",https://www.accuweather.com/en/weather-forecasts/western-heat-wave-shatters-march-records-to-expand-with-more-extremes/1874857
google-sites,2026-03-19,listed on the old site,other,InsideClimateNews,Wondering How to Talk About Climate Change? Take a Lesson from Bad Bunny,https://insideclimatenews.org/news/19032026/climate-change-communication-bad-bunny-halftime-show/
google-sites,2026-03-17,listed on the old site,solutions,WSJ,China Has Five-Minute EV Charging. America Is Trying to Catch Up,https://www.wsj.com/business/autos/china-has-five-minute-ev-charging-america-is-trying-to-catch-up-ef7d707a
google-sites,2026-03-17,listed on the old site,effects,SanFranChronicle,It’s still winter. So why is California facing 100-degree heat?,https://www.sfchronicle.com/weather/article/california-heat-wave-science-22079635.php
google-sites,2026-03-17,listed on the old site,other,USAToday,NOAA forecast this decades ago. We have to adapt to survive it. | Opinion,https://www.usatoday.com/story/opinion/2026/03/17/noaa-weather-forecasts-climate-science-doge-cuts/88984244007/
google-sites,2026-03-16,listed on the old site,causes,NewScientist,Why global warming is accelerating and what it means for the future,https://www.newscientist.com/article/2519386-why-global-warming-is-accelerating-and-what-it-means-for-the-future/
google-sites,2026-03-14,listed on the old site,solutions,Earth.com,Stopping climate damage may require centuries of carbon removal,https://www.earth.com/news/stopping-climate-damage-may-require-centuries-of-carbon-removal/
google-sites,2026-03-13,listed on the old site,effects,BBC,"Austrian glaciers disintegrating due to climate change, say scientists",https://www.bbc.com/news/articles/cd038pgrr1yo
google-sites,2026-03-12,listed on the old site,effects,FastCompany,Extreme March heat wave will scorch Los Angeles and the Southwest this week. The long-term consequences could be devastating,https://www.fastcompany.com/91507309/extreme-march-heat-wave-scorch-la-ca-co-az-this-week
google-sites,2026-03-09,listed on the old site,effects,Euronews,"Dangerous droughts triggered by heatwaves are accelerating at an alarming rate, study shows",https://www.euronews.com/2026/03/09/dangerous-droughts-triggered-by-heatwaves-are-accelerating-at-an-alarming-rate-study-shows
google-sites,2026-03-09,listed on the old site,effects,NPR,Millions more people are in the path of rising seas than previously thought,https://www.npr.org/2026/03/09/nx-s1-5741796/rising-seas-climate-change-study
google-sites,2026-03-09,listed on the old site,solutions,Grist,The US barely bothers to track geoengineering. What could go wrong?,https://grist.org/regulation/geoengineering-noaa-cloud-seeding-gao-oversight/
google-sites,2026-03-06,listed on the old site,effects,AP,"Heat waves that spark damaging droughts are happening more frequently, study finds",https://apnews.com/article/heat-wave-drought-climate-change-9248c65a135dc6ab3665cb8b2127d8e2
google-sites,2026-03-03,listed on the old site,effects,NYTimes,"A Crisis in the Alps: Airbnb, Climate Change and Americans",https://www.nytimes.com/2026/03/02/travel/french-alps-problems-overdevelopment-climate-change.html
google-sites,2026-03-03,listed on the old site,effects,TCD,Scientists issue warning about crisis that could impact Earth 'for centuries to come': 'Future depends on the choices that we make',https://www.thecooldown.com/outdoors/antarctic-peninsula-future-emissions-impact/
google-sites,2026-03-01,listed on the old site,effects,Phys.org,New computation method for climate extremes: Researchers reveal 10-fold increase in heat over Europe,https://phys.org/news/2026-02-method-climate-extremes-reveal-europe.html
google-sites,2026-02-28,listed on the old site,effects,ScienceDaily,A major climate hope in Antarctica just melted away,https://www.sciencedaily.com/releases/2026/02/260228082714.htm
google-sites,2026-02-27,listed on the old site,causes,Phys.org,"DOE climate report 'demonstrably incorrect', say scientists in new analysis",https://phys.org/news/2026-02-doe-climate-incorrect-scientists-analysis.html
google-sites,2026-02-27,listed on the old site,solutions,Euronrews,'The world remains unprepared': Why scientists are calling for a global assessment of climate change,https://www.euronews.com/2026/02/27/the-world-remains-unprepared-why-scientists-are-calling-for-a-global-assessment-of-climate
google-sites,2026-02-25,listed on the old site,effects,Guardian,"Chronic ocean heating fuels ‘staggering’ loss of marine life, study finds",https://www.theguardian.com/environment/2026/feb/25/chronic-ocean-heating-fuels-staggering-loss-marine-life-study
google-sites,2026-02-25,listed on the old site,effects,Reuters,Death toll from Brazil floods rises to 46; 21 people still missing,https://www.reuters.com/business/environment/death-toll-brazil-floods-rises-40-dozens-still-missing-2026-02-25/
google-sites,2026-02-21,listed on the old site,effects,InsideClimateNews,Health and Climate Consequences of EPA’s Endangerment Finding Repeal ‘Cannot Be Overstated’,https://insideclimatenews.org/news/21022026/epa-endangerment-finding-repeal-health-climate-consequences/
google-sites,2026-02-20,listed on the old site,other,Guardian,Injecting particulates into the atmosphere isn’t a magical fix for the climate crisis,https://www.theguardian.com/commentisfree/2026/feb/20/geoengineering-techno-fix-problems-climate-crisis?CMP=oth_b-aplnews_d-1
google-sites,2026-02-20,listed on the old site,effects,AP,Scientists change how El Nino is labeled to keep up with spike in temperature,https://apnews.com/article/el-nino-la-nina-climate-change-warming-e3499ef5e1081604770c4cf5f95910b3
google-sites,2026-02-20,listed on the old site,solutions,AP,"Trump administration eases limits on coal plants for emitting mercury, other toxins",https://apnews.com/article/trump-coal-zeldin-mercury-epa-emissions-b770d6efd05f19ed24b179511c726196
google-sites,2026-02-20,listed on the old site,effects,Gizmodo,"Worst-Case Climate Scenario Would Irreversibly Damage Antarctica, Scientists Warn",https://gizmodo.com/worst-case-climate-scenario-would-irreversibly-damage-antarctica-scientists-warn-2000724095
google-sites,2026-02-19,listed on the old site,other,Esquire,This Weird Effect of Climate Change Is Scaring the Hell Out of Me,https://www.esquire.com/news-politics/politics/a70415515/climate-change-microbes-nuclear-waste/
google-sites,2026-02-15,listed on the old site,effects,TCD,Concerning new study reveals 'creeping' winter crisis: 'You don't really realize it',https://www.thecooldown.com/outdoors/creeping-snow-drought-canadian-rockies-snowpack-study/
google-sites,2026-02-15,listed on the old site,other,Guardian,The Guardian view on Donald Trump and the climate crisis: the US is in reverse while China ploughs ahead,https://www.theguardian.com/commentisfree/2026/feb/15/the-guardian-view-on-donald-trump-and-the-climate-crisis-the-us-is-in-reverse-while-china-ploughs-ahead?CMP=oth_b-aplnews_d-1
google-sites,2026-02-13,listed on the old site,effects,Wired,"Record Low Snow in the West Will Mean Less Water, More Fire, and Political Chaos",https://www.wired.com/story/record-low-snow-in-the-west-will-mean-less-water-more-fire-and-political-chaos/
google-sites,2026-02-13,listed on the old site,effects,Atlantic,The Blind Spot at the Top of the World,https://www.theatlantic.com/science/2026/02/climate-science-arctic/685990/?utm_source=apple_news
google-sites,2026-02-12,listed on the old site,effects,Earth.com,Climate change in the US impacts each state differently,https://www.earth.com/news/climate-change-warming-in-the-us-impacts-each-state-differently/
google-sites,2026-02-12,listed on the old site,solutions,Fortune,The Trump administration calls its climate change policy shift the ‘largest deregulatory action’ in history—but experts say the impact will be limited,https://fortune.com/2026/02/12/repeal-landmark-climate-change-finding-limited-impacts-auto-power-wont-crank-co2-all-the-way-up/
google-sites,2026-02-12,listed on the old site,solutions,AP,Trump’s EPA revokes scientific finding that underpinned US fight against climate change,https://apnews.com/article/trump-climate-change-epa-clean-air-act-c149d5ea6ec71c862e6c4b578adf92cd
google-sites,2026-02-12,listed on the old site,solutions,CBS,"Trump's EPA revokes the ""endangerment finding"" on greenhouse gases, a major reversal in climate policy. Here's what to know",https://www.cbsnews.com/news/trump-epa-endangerment-finding-greenhouse-gases-climate-change/?ftag=CNM-00-10aac3a
google-sites,2026-02-12,listed on the old site,solutions,Vox,Trump just blew up a load-bearing pillar of climate regulation in the US. What happens now?,https://www.vox.com/climate/478950/epa-climate-endangerment-finding-trump-coal-fuel-economy
google-sites,2026-02-12,listed on the old site,other,TheConversation,"Trump says climate change doesn’t endanger public health – evidence shows it does, from extreme heat to mosquito-borne illnesses",https://theconversation.com/trump-says-climate-change-doesnt-endanger-public-health-evidence-shows-it-does-from-extreme-heat-to-mosquito-borne-illnesses-275619
google-sites,2026-02-11,listed on the old site,effects,Gizmodo,"As Patagonia Burns, the World May Lose Some of its Most Ancient Trees",https://gizmodo.com/as-patagonia-burns-the-world-may-lose-some-of-its-most-ancient-trees-2000720805
google-sites,2026-02-11,listed on the old site,effects,Guardian,"Point of no return: a hellish ‘hothouse Earth’ getting closer, scientists say",https://www.theguardian.com/environment/2026/feb/11/point-of-no-return-hothouse-earth-global-heating-climate-tipping-points?CMP=oth_b-aplnews_d-1
google-sites,2026-02-10,listed on the old site,solutions,Hill,EPA to repeal landmark finding that climate change endangers the public,https://thehill.com/policy/energy-environment/5731186-trump-epa-climate-change-endangerment-finding/
google-sites,2026-02-10,listed on the old site,causes,ProPublica,"Under GOP Pressure, Federal Agency Pulls Climate Change Chapter From Official Manual for U.S. Judges",https://www.propublica.org/article/federal-judicial-center-climate-change-republican-pressure
google-sites,2026-02-10,listed on the old site,causes,AP,US’s largest public utility says it now doesn’t want to close two coal-fired plants,https://apnews.com/article/tennessee-valley-authority-coal-plants-7a3bae83090e802a6036c1dcc37fa0a1
google-sites,2026-02-08,listed on the old site,effects,Conversation,Heat with no end: climate model sets out an unbearable future for parts of Africa,https://theconversation.com/heat-with-no-end-climate-model-sets-out-an-unbearable-future-for-parts-of-africa-274323
google-sites,2026-02-05,listed on the old site,effects,ABCNews,"Worsening snow drought in the West will have cascading impacts, experts say",https://abcnews.go.com/US/worsening-snow-drought-west-cascading-impacts-experts/story?id=129857902
google-sites,2026-02-02,listed on the old site,effects,NYTimes,"Deep Inside an Antarctic Glacier, a Mission Collapses at Its Final Step",https://www.nytimes.com/2026/02/02/climate/antarctica-thwaites-glacier-drilling.html
google-sites,2026-02-02,listed on the old site,effects,Reuters,Portugal counts multi‑billion‑euro damage after Storm Kristin tears off roofs,https://www.reuters.com/sustainability/climate-energy/portugal-counts-multibillioneuro-damage-after-storm-kristin-tears-off-roofs-2026-02-02/
google-sites,2026-01-31,listed on the old site,solutions,Atlantic,The ‘Doomsday Glacier’ Could Flood the Earth. Can a 50-Mile Wall Stop It?,https://www.theatlantic.com/science/2026/01/thwaites-glacier-sea-level-rise-sea-curtain/685846/?utm_source=apple_news
google-sites,2026-01-28,listed on the old site,solutions,InsideClimateNews,"Amid National Call to Make Polluters Pay, Illinois Lawmakers Are Prepping a Climate Change Superfund Bill",https://insideclimatenews.org/news/28012026/amid-national-call-to-make-polluters-pay-illinois-lawmakers-are-prepping-a-climate-change-superfund-bill/
google-sites,2026-01-28,listed on the old site,effects,Reuters,"Record-breaking Australia heatwave fuels bushfires, cuts power to thousands",https://www.reuters.com/sustainability/climate-energy/record-breaking-australia-heatwave-fuels-bushfires-cuts-power-thousands-2026-01-28/
google-sites,2026-01-28,listed on the old site,effects,NBCNews,Western states face 'snow drought' as snowpack hits record lows,https://www.nbcnews.com/science/environment/snowpack-record-lows-western-us-rcna256029
google-sites,2026-01-27,listed on the old site,effects,ScienceAlert,"The Arctic Has Entered a New Era of 'Extreme Weather', Scientists Warn",https://www.sciencealert.com/the-arctic-has-entered-a-new-era-of-extreme-weather-scientists-warn
google-sites,2026-01-26,listed on the old site,effects,NewScientist,Termination shock could make the cost of climate damage even higher,https://www.newscientist.com/article/2513124-termination-shock-could-make-the-cost-of-climate-damage-even-higher/
google-sites,2026-01-24,listed on the old site,effects,BBC,Firefighters battle 'emergency level' blazes in Australia heatwave,https://www.bbc.com/news/articles/cpqyp9w84eeo
google-sites,2026-01-23,listed on the old site,effects,TCD,Meteorologists issue urgent warning about vast region's winter: 'There is now strong evidence',https://www.thecooldown.com/outdoors/himalayas-snow-droughts-drought-prevention/
google-sites,2026-01-23,listed on the old site,other,Time,Trump Mocks Climate Change Concerns Ahead of Historic Winter Storm. Here’s Why That’s Wrong,https://time.com/7357480/trump-winter-storm-fern-climate-change/
google-sites,2026-01-22,listed on the old site,other,Anthropocene,Should the climate fight shift focus from curbing emissions to reducing human suffering?,https://www.anthropocenemagazine.org/2026/01/should-the-climate-fight-shift-focus-from-curbing-emissions-to-reducing-human-suffering/
google-sites,2026-01-20,listed on the old site,other,Time,"​​At Davos, Phasing Out Fossil Fuels Is No Longer Debatable",https://time.com/7353478/davos-climate-leadership-end-fossil-fuel-era/
google-sites,2026-01-14,listed on the old site,causes,FastCompany,A critical climate trend just reversed—driven by crypto and data centers,https://www.fastcompany.com/91474856/climate-change-trend-just-reversed-ai-data-centers-crypto-mining-coal-pushed-us-greenhouse-gas-emissions-up
google-sites,2026-01-14,listed on the old site,effects,Earth.com,How Pacific storms are reshaping winter weather across the West,https://www.earth.com/news/how-pacific-storms-are-reshaping-winter-weather-across-the-west/
google-sites,2026-01-14,listed on the old site,effects,NPR,The long-term health impacts from the LA wildfires are just becoming clear,https://www.npr.org/2026/01/14/nx-s1-5630989/la-fires-health-impact-smoke
google-sites,2026-01-14,listed on the old site,effects,BBC News,2025 third hottest year on record despite global temperature dip,https://www.youtube.com/watch?v=TlU6rNFFO6s
google-sites,2026-01-14,listed on the old site,effects,NYTimes,Why Greenland Matters for a Warming World,https://www.nytimes.com/2026/01/14/world/europe/greenland-climate.html
google-sites,2026-01-11,listed on the old site,effects,BBC Science Focus,Climate change has now shrunk US salaries by 12%. And worse is to come,https://www.sciencefocus.com/news/climate-change-income
google-sites,2026-01-01,listed on the old site,causes,Hill,Trump is repurposing clean energy funds to revive coal power,https://thehill.com/opinion/energy-environment/5649632-trump-is-repurposing-clean-energy-funds-to-revive-coal-power/
google-sites,2025-12-31,listed on the old site,effects,Euronews,Deadliest climate disasters of 2025 revealed as experts warn women and the poorest ‘hit the hardest’,https://www.euronews.com/green/2025/12/31/deadliest-climate-disasters-of-2025-revealed-as-experts-warn-women-and-the-poorest-hit-the
google-sites,2025-12-30,listed on the old site,effects,CBSNews,"2025 was so hot it pushed Earth past critical climate change mark, scientists say",https://www.cbsnews.com/news/climate-change-2025-critical-mark-eclipsed/?ftag=CNM-00-10aac3a
google-sites,2025-12-17,listed on the old site,effects,MyNorthwest,Pacific levee breach: Evacuees likely can’t return until the weekend as another storm approaches,https://mynorthwest.com/local/pacific-levee-breach/4174435
google-sites,2025-12-17,listed on the old site,effects,LATimes,Recipe for L.A.’s fire disaster: Intense rains followed by unprecedented heat and dry conditions,https://www.latimes.com/california/story/2025-12-17/palisades-and-eaton-fires-fueled-by-a-catastrophic-combination-of-worst-case-scenarios
google-sites,2025-12-17,listed on the old site,causes,NYTimes,Trump Administration Plans to Break Up Premier Weather and Climate Research Center,https://www.nytimes.com/2025/12/17/climate/national-center-for-atmospheric-research-trump.html
google-sites,2025-12-16,listed on the old site,effects,AP,"Damage from record flooding in Washington state is profound, with more on the way, governor says",https://apnews.com/article/pacific-northwest-levee-floods-washington-5a5d085e96e98d24c96a889b4d7d8e6c
google-sites,2025-12-16,listed on the old site,effects,TCD,Experts issue warning about disturbing trend impacting crucial food crop: 'That's a huge impact',https://www.thecooldown.com/sustainable-food/flood-resistant-rice-yields/
google-sites,2025-12-16,listed on the old site,effects,NBC News,Washington infrastructure begins to fail as atmospheric rivers continue pummeling the state,https://www.nbcnews.com/weather/storms/washington-storms-atmospheric-rivers-infrastructure-failures-rcna249561
google-sites,2025-12-15,listed on the old site,effects,Guardian,Glaciers to reach peak rate of extinction in the Alps in eight years,https://www.theguardian.com/environment/2025/dec/15/alpine-glaciers-rate-extinction-climate-crisis?CMP=oth_b-aplnews_d-1
google-sites,2025-12-15,listed on the old site,effects,CNN,New data raises questions about how much the Earth has warmed,https://www.cnn.com/2025/12/15/climate/glosat-global-temperature-data
google-sites,2025-12-15,listed on the old site,solutions,InsideClimateNews,"One Big, Shining Beacon for Climate Hope",https://insideclimatenews.org/news/15122025/bill-mckibben-here-comes-the-sun-climate-hope/
google-sites,2025-12-15,listed on the old site,solutions,Time,"10 Years After the Paris Climate Deal: What The World Got Right, Wrong, And What Comes Next",https://time.com/7340848/paris-climate-agreement-success-failure-what-next/
google-sites,2025-12-09,listed on the old site,causes,BBC,"UN environment report 'hijacked' by US and others over fossil fuels, top scientist says",https://www.bbc.com/news/articles/c1w9ge93w9po
google-sites,2025-12-08,listed on the old site,effects,Youtube,"Pineapple Express slams into Washington state with heavy rain, major river flooding expected",https://www.youtube.com/watch?v=r2IF3Pz7AyA
google-sites,2025-12-03,listed on the old site,other,NYTimes,Top Journal Retracts Study Predicting Catastrophic Climate Toll,https://www.nytimes.com/2025/12/03/business/economy/study-climate-damage-retracted.html
google-sites,2025-11-04,listed on the old site,causes,Reuters,"World will overshoot 1.5C climate goal, UN says",https://www.reuters.com/sustainability/cop/world-will-overshoot-15c-climate-goal-un-says-2025-11-04/
google-sites,2025-10-10,listed on the old site,solutions,NYTimes,Why China Built 162 Square Miles of Solar Panels on the World’s Highest Plateau,https://www.nytimes.com/2025/10/10/business/china-solar-tibetan-plateau.html
google-sites,2025-10-09,listed on the old site,other,NYTimes,This Is Why Your Energy Bills Are Going Up,https://www.nytimes.com/2025/10/09/opinion/trump-energy-bills-prices.html
google-sites,2025-09-12,listed on the old site,effects,NYTimes,"An Annual Blast of Pacific Cold Water Did Not Occur, Alarming Scientists",https://www.nytimes.com/2025/09/12/climate/pacific-cold-water-upwelling.html
google-sites,2025-09-04,listed on the old site,effects,NYTimes,Humans Are Altering the Seas. Here’s What the Future Ocean Might Look Like,https://www.nytimes.com/interactive/2025/09/04/climate/ocean-water-temperatures-sea-levels.html
google-sites,2025-09-02,listed on the old site,causes,NYTimes,Scientists Denounce Trump Administration’s Climate Report,https://www.nytimes.com/2025/09/02/climate/climate-science-report-energy-department.html
google-sites,2025-08-27,listed on the old site,effects,Economist,No going back: climate tipping-points,https://www.economist.com/podcasts/2025/08/27/no-going-back-climate-tipping-points
google-sites,2025-08-25,listed on the old site,effects,Axios Seattle,Climate report flags Pacific Northwest vulnerabilities,https://www.axios.com/local/seattle/2025/08/25/climate-report-flags-pacific-northwest-vulnerabilities
google-sites,2025-08-21,listed on the old site,effects,Economist,Europe is ablaze,https://www.economist.com/europe/2025/08/21/europe-is-ablaze
google-sites,2025-08-06,listed on the old site,effects,BBC,From heatwaves to floods: Extreme weather sweeps across Asia,https://www.bbc.com/news/articles/c9qyw1r502go
google-sites,2025-08-05,listed on the old site,effects,BBC,Great Barrier Reef suffers worst coral decline on record,https://www.bbc.com/news/articles/cvg3pp52m65o
google-sites,2025-08-02,listed on the old site,effects,BBC,Melting glaciers threaten to wipe out European villages - is the steep cost to protect them worth it?,https://www.bbc.com/news/articles/cj4w9ggzxv4o
google-sites,2025-08-01,listed on the old site,solutions,Conversation,The World Court just ruled countries can be held liable for climate change damage – what does that mean for the US?,https://theconversation.com/the-world-court-just-ruled-countries-can-be-held-liable-for-climate-change-damage-what-does-that-mean-for-the-us-262272
google-sites,2025-07-24,listed on the old site,solutions,NYTimes,"As U.S. Retreats on Climate, China and Europe Pledge to Go Green Together",https://www.nytimes.com/2025/07/24/climate/china-eu-joint-climate-statement.html?smid=nytcore-ios-share&referringSource=articleShare
google-sites,2025-07-20,listed on the old site,effects,CNN,"This is the summer of flooding across the US, and scientists know why",https://www.cnn.com/2025/07/20/climate/summer-of-flooding
google-sites,2025-07-15,listed on the old site,solutions,Verge,EcoFlow says its new Ocean Pro is better than Tesla’s Powerwall,https://www.theverge.com/news/707153/ecoflow-launches-ocean-pro-home-energy-system-tesla-battery-competitor
google-sites,2025-05-05,listed on the old site,other,Youtube,"Naomi Klein on Trump, Musk, Far Right & ""End Times Fascism""",https://www.youtube.com/watch?v=XtYSyb6fCxo
google-sites,2025-07-08,listed on the old site,causes,NYTimes,Trump Hires Scientists Who Doubt the Consensus on Climate Change,https://www.nytimes.com/2025/07/08/climate/trump-climate-energy-department.html
google-sites,2025-06-04,listed on the old site,effects,NYTmes,Eastern U.S. Is Shrouded in Smoke and Dust,https://www.nytimes.com/2025/06/04/weather/air-quality-wildfire-smoke-sahara-dust.html
google-sites,2025-03-12,listed on the old site,effects,CNN,The Arctic is in trouble. The consequences will be felt around the world,https://www.cnn.com/2025/03/12/climate/arctic-sea-ice-heat-downward-spiral/index.html
google-sites,2025-03-03,listed on the old site,solutions,WashingtonPost,How China came to dominate the world in renewable energy,https://www.washingtonpost.com/climate-solutions/2025/03/03/china-renewable-energy-green-world-leader/
google-sites,2025-02-14,listed on the old site,effects,WashingtonPost,Scientists have a new explanation for the last two years of record heat,https://www.washingtonpost.com/climate-environment/2025/02/14/global-warming-acceleration-clouds/?utm_source=newsletter&utm_medium=email&utm_campaign=wp_climatecoach
google-sites,2025-02-03,listed on the old site,effects,WSJ,"Climate Change to Wipe Away $1.5 Trillion in U.S. Home Values, Study Says",https://www.wsj.com/real-estate/climate-change-to-wipe-away-1-5-trillion-in-u-s-home-values-study-says-60c6970b
google-sites,2025-01-31,listed on the old site,other,NPR,"A New Zealand mountain is granted personhood, recognizing it as sacred for Māori","https://www.npr.org/2025/01/31/nx-s1-5281937/new-zealand-mountain-personhood-maori#:~:text=A%20New%20Zealand%20mountain%20is%20granted%20personhood%20The%20recognition%20acknowledges,country%27s%20government%20to%20Indigenous%20people."
google-sites,2025-01-27,listed on the old site,effects,WashingtonPost,Is a key ocean current system slowing down? A new study adds to the debate,https://www.washingtonpost.com/climate-environment/2025/01/27/atlantic-ocean-amoc-weakening-study/
google-sites,2024-12-16,listed on the old site,effects,CNN,"World’s biggest iceberg, A23a, is on the move again",https://www.cnn.com/2024/12/16/climate/worlds-biggest-iceberg-a23a-moving-intl-scli/index.html
google-sites,2024-08-07,listed on the old site,effects,NYTimes,Heat Raises Fears of ‘Demise’ for Great Barrier Reef Within a Generation,https://www.nytimes.com/2024/08/07/climate/ocean-heat-great-barrier-reef.html
google-sites,2024-08-06,listed on the old site,effects,Futurism,"Major Earth Systems on Track for Collapse, Scientists Find",https://www.yahoo.com/news/major-earth-systems-track-collapse-223031664.html
google-sites,2024-08-02,listed on the old site,effects,Hill,Study finds major Earth systems likely on track to collapse: 5 things to know,https://thehill.com/policy/energy-environment/4806281-climate-change-earth-systems-collapse-risk-study/
google-sites,2024-06-24,listed on the old site,effects,CNN,A Minnesota dam is on the brink of collapse due to flooding,https://www.cnn.com/2024/06/24/us/rapidan-dam-collapse-risk-minnesota/index.html
google-sites,2024-06-24,listed on the old site,effects,WashingtonPost,"Fueled by climate change, extreme wildfires have doubled in 20 years",https://www.washingtonpost.com/climate-environment/2024/06/24/extreme-wildfires-increased-study/
google-sites,2024-06-20,listed on the old site,effects,NPR,"Heat and snowfall, rain and wildfires. It’s a week of extreme weather in the U.S",https://www.npr.org/2024/06/20/nx-s1-5013299/us-extreme-weather-heat-wave-wildfires-tropical-storm-alberto
google-sites,2024-06-17,listed on the old site,effects,CNN,A heat wave not seen in decades will send temperatures soaring for more than half the US population,https://www.cnn.com/2024/06/17/weather/heat-wave-east-us-climate-monday/index.html
google-sites,2024-06-17,listed on the old site,effects,WashingtonPost,How hot? A city-by-city forecast for the prolonged heat wave this week,https://www.washingtonpost.com/weather/2024/06/17/heat-wave-forecast-cities-midwest-east/
google-sites,2024-06-12,listed on the old site,effects,Futurism,"Fans of Donald Trump, Who Thinks Climate Change Is a Hoax, Hospitalized by Heat at Trump Rallies",https://futurism.com/the-byte/donald-trump-fans-hospitalized-heat-rally
google-sites,2024-06-12,listed on the old site,effects,WashingtonPost,Serious heat wave to scorch the East next week. Maps show areas at risk,https://www.washingtonpost.com/weather/2024/06/12/heat-wave-dome-midwest-mid-atlantic-south/
google-sites,2024-06-12,listed on the old site,effects,NBC,"Southern Florida receives record rainfall and flash flooding in a 500-to-1,000-year event",https://www.nbcnews.com/news/us-news/southern-florida-receives-record-rainfall-flash-flooding-500-1000-year-rcna156700
google-sites,2024-06-10,listed on the old site,effects,Axios,"""Tornada Alley"" is shifting, putting Midwest and Southeast in its sights",https://www.axios.com/2024/06/10/weather-tornado-alley-east
google-sites,2024-06-06,listed on the old site,causes,NPR,There is more carbon dioxide than ever in the atmosphere. That’s bad for the climate,https://www.npr.org/2024/06/04/nx-s1-4992290/carbon-dioxide-record-high-atmosphere
google-sites,2024-06-04,listed on the old site,effects,CNN,A heat dome will send temperatures into the triple-digits across the West as fires burn,https://www.cnn.com/2024/06/03/weather/california-heat-dome-wildfires-west-climate/index.html
google-sites,2024-06-04,listed on the old site,effects,Popular Science,Earth’s ‘Gateway to Hell’ is growing,https://www.popsci.com/science/batagaika-crater-gateway-to-hell/
google-sites,2024-06-04,listed on the old site,solutions,FastCompany,Mexico’s new president is a climate scientist. Here’s what that could mean for the country’s emissions,https://www.fastcompany.com/91135221/mexicos-new-president-is-a-climate-scientist-heres-what-that-could-mean-for-the-countrys-emissions
google-sites,2024-05-28,listed on the old site,effects,Politico,‘Just brutal’: Why America’s hottest city is seeing a surge in deaths,https://www.politico.com/news/2024/05/28/americas-hottest-city-phoenix-00158243?cid=apn
google-sites,2024-05-09,listed on the old site,solutions,TCD,Company receives approval to install fully submerged wave energy converter to generate clean power: 'This is an exciting green light',https://www.thecooldown.com/green-tech/ceto-wave-energy-ireland-basque-country/
google-sites,2024-05-09,listed on the old site,solutions,Guardian,What are the most powerful climate actions you can take? The expert view,https://www.theguardian.com/environment/article/2024/may/09/what-are-the-most-powerful-climate-actions-you-can-take?CMP=oth_b-aplnews_d-1
google-sites,2024-05-09,listed on the old site,causes,WashingtonPost,What Trump promised oil CEOs as he asked them to steer $1 billion to his campaign,https://www.washingtonpost.com/politics/2024/05/09/trump-oil-industry-campaign-money/
google-sites,2024-05-08,listed on the old site,solutions,AP,More and faster: Electricity from clean sources reaches 30% of global total,https://apnews.com/article/renewable-energy-climate-solar-wind-fossil-fuels-2718fce0ed37232dc25dbf46fff87955
google-sites,2024-05-08,listed on the old site,effects,Guardian,Venezuela loses its last glacier as it shrinks down to an ice field,https://www.theguardian.com/environment/article/2024/may/08/venezuela-loses-its-last-glacier-as-it-shrinks-down-to-an-ice-field
google-sites,2024-05-07,listed on the old site,effects,Wired,Get Ready for Monster Hurricanes This Summer,https://www.wired.com/story/monster-hurricane-season-summer-2024-atlantic-tropical-storm/
google-sites,2024-03-29,listed on the old site,solutions,-Enquier,"Columbus’ new emergency management plan includes climate change. Here’s what that means, Ledger",https://www.ledger-enquirer.com/news/weather-news/article287183355.html
google-sites,2023-12-06,listed on the old site,effects,CNBC,‘It’s game on’: The world’s largest iceberg is on the move. Scientists explain why it matters,https://www.cnbc.com/2023/12/06/worlds-largest-iceberg-a23a-is-on-the-move-stoking-climate-concerns.html
google-sites,2023-11-29,listed on the old site,other,Reuters,"Insight: Defying Pope's calls for climate action, US Catholic bishops cling to fossil fuels",https://www.reuters.com/business/environment/defying-popes-calls-climate-action-us-catholic-bishops-cling-fossil-fuels-2023-11-29/
google-sites,2023-11-17,listed on the old site,effects,NPR,'It feels like I'm not crazy.' Gardeners aren't surprised as USDA updates key map,https://www.npr.org/2023/11/17/1213600629/-it-feels-like-im-not-crazy-gardeners-arent-surprised-as-usda-updates-key-map
google-sites,2023-10-13,listed on the old site,other,NYTimes,I Study Climate Change. The Data Is Telling Us Something New,https://www.nytimes.com/2023/10/13/opinion/climate-change-excessive-heat-2023.html
google-sites,2023-10-10,listed on the old site,solutions,Mashable,Google AI prepares U.S. and Canada for flooding with expanded predictor,https://mashable.com/article/google-flooding-predictor-uses-ai-to-address-climate-crisis
google-sites,2023-10-10,listed on the old site,effects,BetterPlanet,"Middle America Will Soon Be Too Hot to Live in, Scientists Predict",https://www.newsweek.com/middle-america-too-hot-live-scientists-predict-1833481
google-sites,2023-10-10,listed on the old site,solutions,BBC,"To avert climate disaster, what if one rogue nation dimmed the Sun?",https://www.bbc.com/future/article/20231010-sun-solar-geoengineering-ministry-for-the-future-kim-stanley-robinson
google-sites,2023-10-09,listed on the old site,effects,WashingtonPost,These are the places that could become ‘unlivable’ as the Earth warms,https://www.washingtonpost.com/weather/2023/10/09/heat-waves-increased-temperatures-climate-change/
google-sites,2023-10-04,listed on the old site,other,NBCNews,"Pope Francis calls out fossil fuel companies, says climate action is too slow",https://www.nbcnews.com/science/environment/pope-francis-climate-fossil-fuel-companies-rcna118578
google-sites,2023-10-04,listed on the old site,other,Hill,Pope singles out US for ‘irresponsible’ excess in call for action on climate change,https://thehill.com/policy/energy-environment/4238180-pope-singles-out-us-for-irresponsible-excess-in-call-for-action-on-climate-change/
google-sites,2023-09-28,listed on the old site,other,CNN,"New ‘supercontinent’ could wipe out humans and make Earth uninhabitable, study suggests",https://www.cnn.com/2023/09/26/world/supercontinent-earth-intl-scli-climate-scn/index.html
google-sites,2023-09-12,listed on the old site,effects,WashingtonPost,The ‘Forever’ Glaciers of America’s West Aren’t Forever Anymore,https://www.nytimes.com/2023/09/12/climate/mount-rainier-glaciers-climate-change.html?smid=nytcore-ios-share&referringSource=articleShare
google-sites,2023-09-05,listed on the old site,effects,WashingtonPost,Where Dangerous Heat Is Surging,https://www.washingtonpost.com/climate-environment/interactive/2023/extreme-heat-wet-bulb-globe-temperature?itid=hp-top-table-main_p001_f002
google-sites,2023-09-04,listed on the old site,effects,Guardian,"Climate crisis could contribute to a global food shortage by 2050, US special envoy on food security warns",https://www.theguardian.com/australia-news/2023/sep/05/climate-crisis-could-contribute-to-a-global-food-shortage-by-2050-us-special-envoy-on-food-security-warns?CMP=Share_iOSApp_Other
google-sites,2023-08-04,listed on the old site,effects,WashingtonPost,How Florida let a top insurer abandon homeowners in their time of greatest need,https://www.washingtonpost.com/climate-environment/2023/08/04/how-florida-let-top-insurer-abandon-homeowners-their-time-greatest-need/
google-sites,2023-08-02,listed on the old site,effects,WashingtonPost,"It’s midwinter, but it’s over 100 degrees in South America",https://www.washingtonpost.com/weather/2023/08/02/southamerica-record-winter-heat-argentina-chile/
google-sites,2023-08-02,listed on the old site,other,Atlantic,We’re Gambling With the Only Good Oceans in the Universe,https://www.theatlantic.com/science/archive/2023/08/marine-heat-waves-earth-climate-change/674892/
google-sites,2023-07-31,listed on the old site,other,WashingtonPost,"As the world boils, a backlash to climate action gains strength",https://www.washingtonpost.com/world/2023/07/31/climate-change-political-right-action-heat-wave-global-boiling/
google-sites,2023-07-30,listed on the old site,effects,CNN,Antarctica is missing an Argentina-sized amount of sea ice – and scientists are scrambling to figure out why,https://www.cnn.com/2023/07/30/world/antarctic-sea-ice-winter-record-low-climate-intl
google-sites,2023-07-27,listed on the old site,other,Foxnews,It's not climate change that's causing heat waves this summer but no one wants to explain why (opinion),https://www.foxnews.com/opinion/not-climate-change-causing-heat-waves-this-summer-explain
google-sites,2023-07-26,listed on the old site,effects,NPR,This CDC data shows where rates of heat-related illness are highest,https://www.npr.org/sections/health-shots/2023/07/26/1190085775/this-cdc-data-shows-where-rates-of-heat-related-illness-are-highest
google-sites,2023-07-26,listed on the old site,effects,YahooNews,What happens if climate change causes the Atlantic Ocean current to collapse?,https://news.yahoo.com/what-happens-if-climate-change-causes-the-atlantic-ocean-current-to-collapse-221433345.html?guccounter=1
google-sites,2023-07-26,listed on the old site,effects,BBC,Will the Gulf Stream really collapse by 2025?,https://www.bbc.com/news/science-environment-66289494
google-sites,2023-07-25,listed on the old site,effects,NBC,"Like a hot tub: Water temperatures off Florida soar over 100 degrees, stunning experts",https://www.nbcnews.com/news/weather/hot-tub-water-temperatures-florida-soar-100-degrees-stunning-experts-rcna96163
google-sites,2023-07-25,listed on the old site,effects,NYTimes,Warming Could Push the Atlantic Past a ‘Tipping Point’ This Century,https://www.nytimes.com/2023/07/25/climate/atlantic-ocean-tipping-point.html
google-sites,2023-07-22,listed on the old site,effects,NPR,How climate change could cause a home insurance meltdown,https://www.npr.org/2023/07/22/1186540332/how-climate-change-could-cause-a-home-insurance-meltdown
google-sites,2023-07-22,listed on the old site,other,Guardian,Why aren’t we more scared of the climate crisis? It’s complicated,https://www.theguardian.com/environment/2023/jul/22/climate-crisis-fear-psychology?CMP=Share_iOSApp_Other
google-sites,2023-07-21,listed on the old site,effects,WashingtonPost,Inside the most extreme heat wave the Southern U.S. has faced,https://www.washingtonpost.com/weather/2023/07/21/us-heat-wave-heat-dome-climate/
google-sites,2023-07-21,listed on the old site,effects,Atlantic,Vermont Was Supposed to Be a Climate Haven,https://www.theatlantic.com/science/archive/2023/07/climate-change-safe-states-vermont-floods/674780/
google-sites,2023-07-12,listed on the old site,effects,Atlantic,When Will the Southwest Become Unlivable?,https://www.theatlantic.com/science/archive/2023/07/heat-dome-southwest-arizona/674689/
google-sites,2023-07-07,listed on the old site,other,WashingtonPost,Climate denialism has burnt to a crisp,https://www.washingtonpost.com/politics/2023/07/07/climate-denialism-gone/
google-sites,2023-07-06,listed on the old site,effects,WashingtonPost,Why a sudden surge of broken heat records is scaring scientists,https://www.washingtonpost.com/weather/2023/07/06/earth-record-heat-climate-extremes/
google-sites,2023-07-05,listed on the old site,other,FoxNews (opinion),The green mafia loses its collective mind,https://www.foxnews.com/opinion/green-mafia-loses-collective-mind
google-sites,2023-07-04,listed on the old site,effects,BBC,World's hottest day since records began,https://www.bbc.com/news/science-environment-66104822
google-sites,2023-06-28,listed on the old site,other,IFLScience,A 1972 Report About Global Collapse Is Proving To Be Surprisingly Accurate,https://www.iflscience.com/a-1972-report-about-global-collapse-is-proving-to-be-surprisingly-accurate-69571
google-sites,2023-06-28,listed on the old site,effects,YaleClimateConnections,Global warming is disrupting humanity’s ‘Goldilocks zone’ on Earth » Yale Climate Connections,https://yaleclimateconnections.org/2023/06/global-warming-is-disrupting-humanitys-goldilocks-zone-on-earth/
google-sites,2023-06-13,listed on the old site,effects,NYTimes,Here’s How Much Hotter Than Normal This June Has Been,https://www.nytimes.com/interactive/2023/06/13/climate/global-warming-heat-june.html?smid=nytcore-ios-share&referringSource=articleShare
google-sites,2023-06-10,listed on the old site,causes,Foxnews,"Climate change activists ignoring crucial factor behind wildfires, Trump admin secretary says",https://www.foxnews.com/media/climate-change-activists-ignoring-crucial-factor-behind-wildfires-trump-admin-secretary-says
google-sites,2023-06-09,listed on the old site,effects,Guardian,‘Nowhere is safe now’: wildfire smoke brings climate crisis home to Americans,https://www.theguardian.com/environment/2023/jun/09/canada-wildfire-smoke-climate-crisis?CMP=Share_iOSApp_Other
google-sites,2023-06-08,listed on the old site,effects,Politico,D.C. gets lungful of climate change,https://www.politico.com/newsletters/power-switch/2023/06/08/d-c-gets-lungful-of-climate-change-00082767
google-sites,2023-06-08,listed on the old site,causes,RollingStone,"Right-Wing Media Is Saying the Wildfire Smoke Is Good, Actually",https://www.rollingstone.com/politics/politics-news/fox-news-dismisses-wildfire-smoke-harmless-climate-change-1234766334/
google-sites,2023-06-08,listed on the old site,effects,SkyNews,"World has lost battle to stop glaciers melting and sea level rising, UN meteorological chief says",https://news.sky.com/story/world-has-lost-battle-to-stop-glaciers-melting-and-sea-level-rising-un-meteorological-chief-says-12898899
google-sites,2023-05-26,listed on the old site,effects,InsideClimateNews,James Hansen Warns of a Short-Term Climate Shock Bringing 2 Degrees of Warming by 2050,https://insideclimatenews.org/news/26052023/james-hansen-climate-change-2-degrees-2050/
google-sites,2023-05-25,listed on the old site,effects,Guardian,"Slowing ocean current caused by melting Antarctic ice could have drastic climate impact, study says",https://www.theguardian.com/science/2023/may/25/slowing-ocean-current-caused-by-melting-antarctic-ice-could-have-drastic-climate-impact-study-says
google-sites,2023-05-17,listed on the old site,effects,Atlantic,Nowhere Should Expect a Cool Summer,https://www.theatlantic.com/science/archive/2023/05/pacific-northwest-heat-wave-record-breaking-wildfires/674076/
google-sites,2022-11-15,listed on the old site,effects,InterestingEngineering,Earth's largest iceberg - 2 times bigger than London - is floating toward the equator,https://interestingengineering.com/science/largest-iceberg-melting-floating-equator
google-sites,2022-11-14,listed on the old site,solutions,NPR,Al Gore helped launch a global emissions tracker that keeps big polluters honest,https://www.npr.org/2022/11/13/1136376981/al-gore-climate-change
google-sites,2022-11-12,listed on the old site,effects,Futurism,"Professors Warn of ""Horrifying"" Self-Destruction of Human Civilization",https://futurism.com/the-byte/professors-self-destruction-civilization
google-sites,2022-11-10,listed on the old site,effects,SciTechDaily,Future Sea-Level Rise May Be Much Higher Than Thought – Ice Loss in Greenland “Vastly Underestimated”,https://scitechdaily.com/future-sea-level-rise-may-be-much-higher-than-thought-ice-loss-in-greenland-vastly-underestimated/
google-sites,2022-11-10,listed on the old site,effects,NPR,Here are 3 dangerous climate tipping points the world is on track for,https://www.npr.org/2022/11/10/1133090748/here-are-3-dangerous-climate-tipping-points-the-world-is-on-track-for
google-sites,2022-11-10,listed on the old site,solutions,BBC,How Australia became the world's greatest lithium supplier,https://www.bbc.com/future/article/20221110-how-australia-became-the-worlds-greatest-lithium-supplier
google-sites,2022-10-28,listed on the old site,other,WashingtonPost,The climate news is bad. The climate reality is worse,https://www.washingtonpost.com/world/2022/10/28/somalia-famine-climate-change/
google-sites,2022-10-20,listed on the old site,other,NYTimes,History May Absolve the Soup Throwers,https://www.nytimes.com/2022/10/20/opinion/just-stop-oil-soup-sunflowers-climate.html
google-sites,2022-10-19,listed on the old site,solutions,InterestingEngineering,Caltech will send a prototype orbital solar farm to orbit by December,https://interestingengineering.com/innovation/caltech-prototype-solar-farm-orbit
google-sites,2022-10-19,listed on the old site,solutions,PBS,Insurers withdraw from fossil fuel projects amid climate change fears,https://www.pbs.org/newshour/world/insurers-withdraw-from-fossil-fuel-projects-amid-climate-change-fears
google-sites,2022-10-17,listed on the old site,effects,WashingtonPost,Historic October heat shatters records in the Pacific Northwest,https://www.washingtonpost.com/climate-environment/2022/10/17/pacific-northwest-record-heat-smoke/
google-sites,2022-10-17,listed on the old site,effects,NBC,"Washington state wildfire burns out of control, forcing thousands to evacuate",https://www.nbcnews.com/news/us-news/wildfire-burning-control-portland-forcing-thousands-evacuate-rcna52536
google-sites,2022-10-15,listed on the old site,solutions,BBC,Climate change: Can an enormous seaweed farm help curb it?,https://www.bbc.com/news/science-environment-63200589
google-sites,2022-10-11,listed on the old site,solutions,InterestingEngineering,"In the near future, satellites will beam down renewable energy to anyone who needs it",https://interestingengineering.com/innovation/global-wireless-power-grid-beam-renewable-energy
google-sites,2022-10-06,listed on the old site,solutions,Gizmodo,Renewables Are Meeting Demand—but Climate Disasters Are Pushing Back the Tipping Point,https://gizmodo.com/renewables-are-meeting-demand-but-climate-disasters-are-1849625531
google-sites,2022-10-06,listed on the old site,other,WashingtonPost,A dark tale of money corrupting politics — and destroying the climate,https://www.washingtonpost.com/books/2022/10/06/petroleum-papers-dembicki-review/
google-sites,2022-09-30,listed on the old site,effects,Phys.org,Winds of change drive 'alarming' rate of ocean warming,https://phys.org/news/2022-09-alarming-ocean.html
google-sites,2022-09-25,listed on the old site,other,Atlantic,What Many Progressives Misunderstand About Fighting Climate Change,https://www.theatlantic.com/ideas/archive/2022/09/capitalism-clean-energy-technology-permitting/671545/
google-sites,2022-09-16,listed on the old site,other,WashingtonPost,People don’t really talk about climate change. Here’s how to start,https://www.washingtonpost.com/climate-solutions/2022/09/16/climate-change-conversation-action/
google-sites,2022-09-15,listed on the old site,effects,WashingtonPost,Earth just experienced one of its warmest summers on record,https://www.washingtonpost.com/climate-environment/2022/09/15/hottest-summer-august-world/?utm_medium=email&utm_source=newsletter&utm_campaign=wp_energy_and_environment&wpisrc=nl_green
google-sites,2022-09-13,listed on the old site,effects,WashingtonPost,"Maps show where extreme heat shattered 7,000 records this summer",https://www.washingtonpost.com/climate-environment/interactive/2022/temperature-records-summer/?utm_medium=email&utm_source=newsletter&utm_campaign=wp_energy_and_environment&wpisrc=nl_green
google-sites,2022-09-13,listed on the old site,other,NYTimes,What a Young Philosopher Discovered More Than 200 Years Ago About Nature,https://www.nytimes.com/2022/09/13/opinion/environment/climate-change-nature-friedrich-schelling.html?smid=em-share
google-sites,2022-09-13,listed on the old site,effects,Guardian,"World heading into “uncharted territory of destruction,” says climate report",https://www.theguardian.com/environment/2022/sep/13/world-heading-into-uncharted-territory-of-destruction-says-climate-report?CMP=oth_b-aplnews_d-1
google-sites,2022-09-12,listed on the old site,effects,NDTV,"Antarctica's ""Doomsday Glacier"" On Edge Of Disaster, Says Study. Here's What Will Happen If It Disintegrates",https://www.ndtv.com/world-news/antarcticas-doomsday-glacier-on-edge-of-disaster-says-study-heres-what-will-happen-if-it-disintegrates-3338186
google-sites,2022-09-11,listed on the old site,effects,Severe Weather,A Polar Vortex is now emerging in the Stratosphere over the North Pole and will impact the weather as we head closer to Winter 2022/2023,https://www.severe-weather.eu/global-weather/polar-vortex-cooling-forecast-winter-2022-2023-influence-united-states-europe-fa/
google-sites,2022-09-11,listed on the old site,effects,CBC,"At current rates, 5 key climate tipping points are already possible, new study warns",https://www.cbc.ca/news/science/tipping-point-climate-change-paris-agreement-1.6577630
google-sites,2022-09-11,listed on the old site,effects,Phys.org,Four major climate tipping points close to triggering,https://phys.org/news/2022-09-climate-escalates-15c.html
google-sites,2022-09-11,listed on the old site,solutions,Byte,The Biden Administration Wants to Cut Geothermal Energy Costs by 90 Percent,https://futurism.com/the-byte/biden-geothermal-renewable-energy-climate
google-sites,2022-09-11,listed on the old site,effects,Mashable,What will actually happen when the so-called 'Doomsday Glacier' disintegrates?,https://mashable.com/article/thwaites-doomsday-glacier-antarctica-melt-sea-level-rise
google-sites,2022-09-10,listed on the old site,effects,Wired,"As the Planet Warms, Canada Faces an Influx of Climate Refugees",https://www.wired.com/story/as-the-planet-warms-canada-faces-an-influx-of-climate-refugees/
google-sites,2022-09-09,listed on the old site,effects,Axios,"Scientists say the world is at risk of triggering multiple climate ""tipping points""",https://www.axios.com/2022/09/09/study-climate-global-warming-tipping-points
google-sites,2022-09-08,listed on the old site,effects,ScientificAmerican,"Greenland Is Still Melting, and It’s September",https://www.scientificamerican.com/article/greenland-is-still-melting-and-its-september/
google-sites,2022-09-08,listed on the old site,effects,WashingtonPost,Rising seas could swallow millions of U.S. acres within decades,https://www.washingtonpost.com/climate-environment/2022/09/08/sea-level-rise-climate-central/
google-sites,2022-09-08,listed on the old site,effects,FastCompany,These maps show how climate change affects your city in real time—and what will happen in the future,https://www.fastcompany.com/90787566/these-maps-show-how-climate-change-affects-your-city-in-real-time-and-what-will-happen-in-the-future?partner=rss&utm_campaign=rss+fastcompany&utm_content=rss&utm_medium=feed&utm_source=rss
google-sites,2022-09-08,listed on the old site,effects,Guardian,"World on brink of five ‘disastrous’ climate tipping points, study finds",https://www.theguardian.com/environment/2022/sep/08/world-on-brink-five-climate-tipping-points-study-finds
google-sites,2022-08-30,listed on the old site,effects,NBCNews,A third of Pakistan is underwater as deadly floods leave desperate residents facing 'doomsday',https://www.nbcnews.com/news/world/pakistan-floods-un-appeal-aid-monsoon-climate-change-rcna45219
google-sites,2022-08-17,listed on the old site,solutions,FastCompany,1 million square feet of L.A. roads are being covered with solar-reflective paint,https://www.fastcompany.com/90779134/1-million-square-feet-of-la-roads-are-being-covered-with-solar-reflective-paint?partner=rss&utm_campaign=rss+fastcompany&utm_content=rss&utm_medium=feed&utm_source=rss
google-sites,2022-08-13,listed on the old site,solutions,BBC,Climate activists fill golf holes with cement after water ban exemption,https://www.bbc.com/news/world-europe-62532840
google-sites,2022-07-22,listed on the old site,other,Atlantic,What a Warming Planet Means for Literature,https://www.theatlantic.com/books/archive/2022/07/books-briefing-terry-tempest-williams-rachel-carson/670585/
google-sites,2022-06-16,listed on the old site,effects,WashingtonPost,Extreme heat and humidity kill thousands of cattle in Kansas,https://www.washingtonpost.com/nation/2022/06/16/cattle-dead-kansas-heat-wave/?utm_medium=email&utm_source=newsletter&utm_campaign=wp_energy_and_environment&wpisrc=nl_green
google-sites,2022-06-14,listed on the old site,other,Guardian,The 1977 White House climate memo that should have changed the world,https://www.theguardian.com/environment/2022/jun/14/1977-us-presidential-memo-predicted-climate-change?CMP=oth_b-aplnews_d-1
google-sites,2022-06-14,listed on the old site,effects,Reuters,"'We beg God for water': Chilean lake turns to desert, sounding climate change alarm",https://www.reuters.com/business/environment/we-beg-god-water-chilean-lake-turns-desert-sounding-climate-change-alarm-2022-06-13/
google-sites,2022-06-11,listed on the old site,effects,MarketWatch,"Antarctica’s riskiest glacier is under assault from below and losing its grip, threatening to raise sea levels by 10 feet",https://www.marketwatch.com/story/antarcticas-riskiest-glacier-is-under-assault-from-below-and-losing-its-grip-threatening-to-raise-sea-levels-by-10-feet-11654717813
google-sites,2022-05-27,listed on the old site,solutions,NPR,Hydrogen may be a climate solution. There's debate over how clean it will truly be,https://www.npr.org/2022/05/27/1096584260/clean-energy-hydrogen-energy-climate-change
google-sites,2021-10-11,listed on the old site,effects,NYTimes,"At least 85 percent of the world’s population has been affected by human-induced climate change, new study shows",https://www.washingtonpost.com/climate-environment/2021/10/11/85-percent-population-climate-impacts/
google-sites,2021-10-12,listed on the old site,solutions,WashingtonPost,A recipe for fighting climate change and feeding the world,https://www.washingtonpost.com/climate-solutions/interactive/2021/bread-baking-sustainable-grain-kernza/?itid=hp-top-table-main
google-sites,2021-10-05,listed on the old site,effects,PBS,Extreme weather doesn’t usually motivate Americans to move. Here’s why,https://www.pbs.org/newshour/science/1-in-3-americans-say-theyve-been-affected-by-extreme-weather-recently
google-sites,2021-09-30,listed on the old site,solutions,WashingtonPost,How to Protect Your Home from Wildfires,https://www.washingtonpost.com/climate-solutions/interactive/2021/wildfire-protection-prepare-how-to/?itid=hp-top-table-main
google-sites,2021-09-22,listed on the old site,effects,BloombergGreen,What Will Climate Change Feel Like? New Tool Provides Granular Estimates,https://www.bloomberg.com/news/articles/2021-09-22/how-fast-will-the-earth-heat-new-tool-provides-granular-estimates
google-sites,2021-09-17,listed on the old site,solutions,WashingtonPost,"As climate pledges fall short, U.N. predicts globe could warm by worrying 2.7 degrees Celsius",https://www.washingtonpost.com/climate-environment/2021/09/17/un-climate-2030-biden/
google-sites,2021-08-13,listed on the old site,effects,WashingtonPost,"July 2021 was Earth’s hottest month ever recorded, NOAA finds",https://www.washingtonpost.com/weather/2021/08/13/july-2021-hottest-record-month/
google-sites,2021-08-10,listed on the old site,effects,NPR,United States of Wildfire,https://apps.npr.org/us-wildfires-impact-environment-climate-change/
google-sites,2021-08-09,listed on the old site,effects,NYTimes,"A Hotter Future Is Certain, Climate Panel Warns. But How Hot Is Up to Us",https://www.nytimes.com/2021/08/09/climate/climate-change-report-ipcc-un.html
google-sites,2021-08-09,listed on the old site,effects,NPR,A Major Report Warns Climate Change Is Accelerating And Humans Must Cut Emissions Now,https://www.npr.org/2021/08/09/1025898341/major-report-warns-climate-change-is-accelerating-and-humans-must-cut-emissions-
google-sites,2021-08-09,listed on the old site,effects,BBC,Climate change: IPCC report is 'code red for humanity',https://www.bbc.com/news/science-environment-58130705
google-sites,2021-08-06,listed on the old site,causes,Reuters,Exxon suspended from climate advocacy group it helped form,https://www.reuters.com/business/exxon-suspended-climate-advocacy-group-it-helped-form-2021-08-06/
google-sites,2021-08-05,listed on the old site,causes,Guardian,"Facebook let fossil-fuel industry push climate misinformation, report finds",https://www.theguardian.com/environment/2021/aug/05/facebook-fossil-fuel-industry-environment-climate-change?CMP=oth_b-aplnews_d-1
google-sites,2021-08-03,listed on the old site,causes,Hill,2020 heat wave revealed new source of Arctic methane emissions: study,https://thehill.com/policy/energy-environment/566102-2020-heat-wave-revealed-new-source-of-arctic-methane-emissions
google-sites,2021-08-01,listed on the old site,causes,NBCNews,Earth's energy imbalance removes almost all doubt from human-made climate change,https://www.nbcnews.com/science/environment/earths-energy-imbalance-removes-almost-doubt-human-made-climate-change-rcna1562
google-sites,2021-07-29,listed on the old site,causes,Desmog,‘Gathering Storm’: How ‘Rogue’ Companies are Buying up North Sea Oil and Gas,https://www.desmog.com/2021/07/29/gathering-storm-how-rogue-companies-are-buying-up-north-sea-oil-and-gas/?utm_source=DeSmog+Weekly+Newsletter
google-sites,2021-07-28,listed on the old site,causes,WSJ,Washington’s Oil Lobby Pivoted on Climate Change—and Made No One Happy,https://www.wsj.com/articles/api-oil-gas-lobby-reckoning-climate-change-11627484072
google-sites,2021-08-09,listed on the old site,effects,CNN,"Earth is warming faster than previously thought, scientists say, and the window is closing to avoid catastrophic outcomes",https://www.cnn.com/2021/08/09/world/global-climate-change-report-un-ipcc/index.html
google-sites,2021-08-09,listed on the old site,causes,WashingtonPost,"Humans have pushed the climate into ‘unprecedented’ territory, landmark U.N. report finds",https://www.washingtonpost.com/climate-environment/2021/08/09/ipcc-climate-report-global-warming-greenhouse-gas-effect/
google-sites,2021-08-05,listed on the old site,solutions,Vice,Biden's Infrastructure Bill Will Try and Rebuild America's Forests,https://www.vice.com/en/article/4av5jd/bidens-infrastructure-bill-will-try-and-rebuild-americas-forests
google-sites,2021-08-05,listed on the old site,other,Hill,"What if the US taxed fossil fuels and gave a check to every American? Turns out, most of the public is into that idea",https://thehill.com/changing-america/opinion/566589-what-if-the-us-taxed-its-fossil-fuels-and-gave-a-check-to-every
google-sites,2021-08-03,listed on the old site,solutions,LATimes,Bipartisan infrastructure bill leaves out key climate and clean energy steps,https://www.latimes.com/politics/story/2021-08-03/bipartisan-bill-leaves-out-key-climate-clean-energy-steps
google-sites,2021-08-03,listed on the old site,other,Vox,Can we save the planet by shrinking the economy?,https://www.vox.com/future-perfect/22408556/save-planet-shrink-economy-degrowth
google-sites,2021-07-29,listed on the old site,solutions,WashingtonPost,Biden wants to turn America’s auto fleet electric. It’s harder than it seems,https://www.washingtonpost.com/climate-environment/2021/07/29/biden-wants-turn-americas-auto-fleet-electric-its-harder-than-it-seems/
google-sites,2021-07-27,listed on the old site,solutions,Quanta,A Soil-Science Revolution Upends Plans to Fight Climate Change,https://www.quantamagazine.org/a-soil-science-revolution-upends-plans-to-fight-climate-change-20210727/
google-sites,2021-02-08,listed on the old site,solutions,EuroNews,Which country is the world leader in renewable energy in 2021?,https://www.euronews.com/green/2021/08/02/which-country-is-the-world-leader-in-renewable-energy-in-2021?utm_source=news.google.com&utm_campaign=feeds_bcs_topstories&utm_medium=referral
google-sites,2021-08-06,listed on the old site,causes,Hill,Overnight Energy: Climate alliance suspends Exxon over lobbyist comments | Interior says 35 agency staffers have died from COVID-19 | More than 400 groups ask Biden to appoint environmentalist to energy panel,https://thehill.com/policy/energy-environment/overnights/566787-overnight-energy-climate-alliance-suspends-exxon-over
google-sites,2021-08-06,listed on the old site,effects,Politico,The world’s top climate scientists have a new warning for Washington,https://www.politico.com/news/2021/08/06/climate-warning-502726?cid=apn
google-sites,2021-08-05,listed on the old site,other,Salon,Civilization-ending climate change is knocking on the door — unless we act now,https://www.salon.com/2021/08/05/civilization-ending-climate-change-is-knocking-on-the-door--unless-we-act-now_partner/
google-sites,2021-08-05,listed on the old site,effects,Reuters,U.N. climate report likely to deliver stark warnings on global warming,https://www.reuters.com/article/us-climate-change-ipcc-idUSKBN2F611Z
google-sites,2021-08-04,listed on the old site,solutions,WashingtonPost,"In a summer scarred by heat, drought and fire, adaptation becomes a necessity",https://www.washingtonpost.com/national/in-a-summer-scarred-by-heat-drought-and-fire-adaptation-becomes-a-necessity/2021/08/04/6445a136-f555-11eb-a49b-d96f2dac0942_story.html
google-sites,2021-08-03,listed on the old site,effects,NYTimes,Study: Which Countries Will Best Survive a Collapse?,https://www.nytimes.com/2021/08/03/us/collapse-of-civilization-study-new-zealand.html
google-sites,2021-07-29,listed on the old site,effects,NYTimes,Climate Crisis Catches Power Companies Unprepared,https://www.nytimes.com/2021/07/29/climate/electric-utilities-climate-change.html
google-sites,2021-08-09,listed on the old site,effects,Reuters,U.N. sounds 'deafening' warning on climate change,https://www.reuters.com/business/environment/un-sounds-clarion-call-over-irreversible-climate-impacts-by-humans-2021-08-09/
google-sites,2021-08-07,listed on the old site,effects,BBC,Climate change: New report will highlight 'stark reality' of warming,https://www.bbc.com/news/science-environment-58102953
google-sites,2021-08-06,listed on the old site,effects,CNN,A crucial ocean circulation is showing signs of instability. Its shutdown would have serious impacts on our weather,https://www.cnn.com/2021/08/06/world/climate-gulf-stream-collapse-warning-study-intl/index.html
google-sites,2021-08-06,listed on the old site,effects,SacramentoBee,‘The town is completely gone.’ Dixie Fire devastates California Gold Rush town of Greenville,https://www.sacbee.com/news/california/fires/article253278813.html
google-sites,2021-08-05,listed on the old site,effects,WashingtonPost,"A critical ocean system may be heading for collapse due to climate change, study finds",https://www.washingtonpost.com/climate-environment/2021/08/05/change-ocean-collapse-atlantic-meridional/
google-sites,2021-08-05,listed on the old site,effects,Guardian,Climate crisis: Scientists spot warning signs of Gulf Stream collapse,https://www.theguardian.com/environment/2021/aug/05/climate-crisis-scientists-spot-warning-signs-of-gulf-stream-collapse
google-sites,2021-08-05,listed on the old site,effects,ABCNews,"1-in-100-year floods happening so often, the term may change",https://abcnews.go.com/US/100-year-floods-happening-term-change/story?id=78969683
google-sites,2021-08-03,listed on the old site,effects,Space.com,'Massive melting event' strikes Greenland after record heat wave,https://www.space.com/greenland-massive-melting-event
google-sites,2021-07-31,listed on the old site,effects,WashingtonPost,Arctic climate change may not be making winter jet stream weird after all,https://www.washingtonpost.com/weather/2021/07/31/arctic-climate-change-jetstream-winter/
google-sites,2021-07-31,listed on the old site,effects,WashingtonPost,"As wildfires burn in Canada, an ‘unprecedented’ blanket of smoke hangs over Minnesota",https://www.washingtonpost.com/nation/2021/07/31/wildfires-burn-canada-an-unprecedented-blanket-smoke-hangs-over-minnesota/
google-sites,2021-07-31,listed on the old site,effects,WashingtonPost,‘Like a scary movie’: Heat wave hits Pacific Northwest again as residents fear this is the new normal,https://www.washingtonpost.com/nation/2021/07/31/heat-wave-pacific-northwest/
google-sites,2021-07-29,listed on the old site,effects,NPR,Climate Change Is Driving Deadly Weather Disasters From Arizona To Mumbai,https://www.npr.org/2021/07/29/1022241936/climate-change-is-driving-deadly-weather-disasters-from-arizona-to-mumbai
google-sites,2021-07-29,listed on the old site,effects,Bloomberg,Global Warming Will Kill 83 Million People in the Next 80 Years,https://www.bloomberg.com/news/articles/2021-07-29/warming-planet-means-83-million-face-death-from-heat-this-century
google-sites,2021-07-29,listed on the old site,effects,BBC,UK already undergoing disruptive climate change,https://www.bbc.com/news/science-environment-57988023
google-sites,2021-07-29,listed on the old site,effects,NYTimes,What to Know About the Heat Wave,https://www.nytimes.com/article/heat-wave-cause.html
google-sites,2021-07-28,listed on the old site,effects,WashingtonPost,Beyond human endurance: How climate change is making some places too hot and humid to survive,https://www.washingtonpost.com/world/interactive/2021/climate-change-humidity/
google-sites,2021-07-28,listed on the old site,effects,NYTimes,He Wrote a Gardening Column. He Ended Up Documenting Climate Change,https://www.nytimes.com/2021/07/28/magazine/gardening-column-climate-change.html
google-sites,2021-07-20,listed on the old site,effects,Climate.gov,"Preliminary analysis concludes Pacific Northwest heat wave was a 1,000-year event…hopefully",https://www.climate.gov/news-features/event-tracker/preliminary-analysis-concludes-pacific-northwest-heat-wave-was-1000-year
google-sites,2020-05-08,listed on the old site,effects,ScientificAmerican,Heat and Humidity Are Already Reaching the Limits of Human Tolerance,https://www.scientificamerican.com/article/heat-and-humidity-are-already-reaching-the-limits-of-human-tolerance/
wordpress,2020-10-03,url,other,economist.com,Outright bans can sometimes be a good way to fight climate change,https://www.economist.com/finance-and-economics/2020/10/03/outright-bans-can-sometimes-be-a-good-way-to-fight-climate-change
wordpress,2020-10-02,url,other,theguardian.com,"A second Trump term would be 'game over' for the climate, says top scientist",https://www.theguardian.com/us-news/2020/oct/02/donald-trump-climate-change-michael-mann-interview
wordpress,2020-10-02,url,effects,theguardian.com,Americans are becoming climate migrants before our eyes,https://www.theguardian.com/commentisfree/2020/oct/02/climate-change-migration-us-wildfires
wordpress,2020-10-02,url,other,nytimes.com,Can Our Culture Survive Climate Change,https://www.nytimes.com/2020/10/02/opinion/amazon-indigenous-people-brazil.html
wordpress,2020-10-02,nearby links (estimate),effects,msn.com,Climate Risk Could Hit Already Vulnerable Nations With a Double Whammy,https://www.msn.com/en-us/money/markets/climate-risk-could-hit-already-vulnerable-nations-with-a-double-whammy/ar-BB19DBXK
wordpress,2020-10-01,url-month,effects,yaleclimateconnections.org,Extreme events 'presage worse to come' in a warming climate,https://yaleclimateconnections.org/2020/10/extreme-events-presage-worse-to-come-in-a-warming-climate/
wordpress,2020-10-02,nearby links (estimate),solutions,reuters.com,National Grid aims for 'net zero' emissions in U.S. by 2050,https://www.reuters.com/article/us-emissions-netzero-national-grid/national-grid-aims-for-net-zero-emissions-in-u-s-by-2050-idUSKBN26N2TG
wordpress,2020-10-02,nearby links (estimate),causes,axios.com,Oil lobby launches swing-state ad push in final stretch to Election Day,https://www.axios.com/oil-natural-gas-joe-biden-climate-plan-election-ads-14310b6b-2322-4f5e-87d5-eac6447d6779.html
wordpress,2020-10-02,nearby links (estimate),solutions,axios.com,The state of zero-carbon power,https://www.axios.com/carbon-energy-power-emissions-climate-change-bf4cec90-6c8c-47d2-935c-514e41193bb1.html
wordpress,2020-10-02,nearby links (estimate),solutions,reuters.com,Supreme Court takes up energy companies' appeal over Baltimore climate suit,https://www.reuters.com/article/us-usa-court-climate/supreme-court-takes-up-energy-companies-appeal-over-baltimore-climate-suit-idUSKBN26N2DB
wordpress,2020-10-02,nearby links (estimate),solutions,axios.com,Supreme Court to review climate change lawsuit venue,https://www.axios.com/supreme-court-climate-change-state-courts-review-a8fbde47-76ab-4431-b7f9-202340af8f56.html
wordpress,2020-10-02,url,solutions,bloomberg.com,Carbon Price Needs to Triple to Spur Green EU Hydrogen Growth,https://www.bloomberg.com/news/articles/2020-10-02/carbon-price-needs-to-triple-to-spur-green-eu-hydrogen-growth?srnd=green
wordpress,2020-10-02,nearby links (estimate),effects,msn.com,Climate Change Is Turning the Heat Up Higher at Night Time,https://www.msn.com/en-us/weather/topstories/climate-change-is-turning-the-heat-up-higher-at-night-time/ar-BB19BGTK
wordpress,2020-10-02,nearby links (estimate),solutions,axios.com,"Despite delays, offshore wind firm makes key investment",https://www.axios.com/scoop-delays-offshore-wind-firm-investment-f9260e22-aac3-4237-a133-98b8ae987e12.html
wordpress,2020-10-02,nearby links (estimate),effects,marketwatch.com,Dramatic changes in the Arctic suggest climate change could return Earth to Pliocene conditions of 3 million years ago,https://www.marketwatch.com/story/dramatic-changes-in-the-arctic-suggest-climate-change-could-return-earth-to-pliocene-conditions-of-3-million-years-ago-11601495655
wordpress,2020-10-02,nearby links (estimate),causes,earther.gizmodo.com,Elite Law Firms Are Helping the Fossil Fuel Industry Fry the Planet,https://earther.gizmodo.com/elite-law-firms-are-helping-the-fossil-fuel-industry-fr-1845241814
wordpress,2020-10-02,nearby links (estimate),solutions,msn.com,How Biden’s $1.7 trillion climate plan would change America after Trump's Big Oil presidency,https://www.msn.com/en-us/money/markets/how-biden-s-1-7-trillion-climate-plan-would-change-america-after-trump-s-big-oil-presidency/ar-BB19BDmF
wordpress,2020-10-01,nearby links (estimate),other,sciencefocus.com,How human extinction would change the Earth,https://www.sciencefocus.com/planet-earth/how-human-extinction-would-change-the-earth/
wordpress,2020-10-01,nearby links (estimate),effects,scientificamerican.com,"Greenland Is Melting at Some of the Fastest Rates in 12,000 Years",https://www.scientificamerican.com/article/greenland-is-melting-at-some-of-the-fastest-rates-in-12-000-years/
wordpress,2020-09-30,url,solutions,insideclimatenews.org,Net Zero by 2050 Has Quickly Become the New Normal for the Largest U.S. Utilities,https://insideclimatenews.org/news/30092020/inside-clean-energy-net-zero-2050-utilities
wordpress,2020-09-30,nearby links (estimate),effects,finance.yahoo.com,"Supercomputers, simulations, and the new science of extreme weather attribution",https://finance.yahoo.com/news/supercomputers-simulations-science-extreme-weather-131554998.html
wordpress,2020-09-30,nearby links (estimate),other,thehill.com,The climate crisis is the story of the century,https://thehill.com/opinion/energy-environment/519190-the-climate-crisis-is-the-story-of-the-century
wordpress,2020-09-30,nearby links (estimate),causes,earther.gizmodo.com,The Trump Administration Hid Polar Bear Research That Could Threaten Its Plan to Drill the Arctic,https://earther.gizmodo.com/the-trump-administration-hid-polar-bear-research-that-c-1845233780
wordpress,2020-10-01,url-month,other,yaleclimateconnections.org,Thinking about climate as you vote this year,https://yaleclimateconnections.org/2020/10/think-about-climate-as-you-vote-this-year/
wordpress,2020-10-01,url,solutions,forbes.com,"Unsustainable Energy Production Will Stop, BP Projects",https://www.forbes.com/sites/jeffmcmahon/2020/10/01/unsustainable-energy-production-will-stop-bp-projects/#2991c99a5688
wordpress,2020-09-30,url,other,forbes.com,A Post-Presidential Debate Reality Check On Carbon Dioxide And Climate,https://www.forbes.com/sites/marshallshepherd/2020/09/30/a-post-presidential-debate-reality-check-on-carbon-dioxide-and-climate/#2927471a256e
wordpress,2020-09-30,url,effects,theguardian.com,America's year of fire and tempests means climate crisis just got very real,https://www.theguardian.com/us-news/2020/sep/30/climate-crisis-americans-wildfires-hurricanes-2020
wordpress,2020-09-30,url,other,washingtonpost.com,"Climate news quiz: biodegradable fashion and cooling off without A/C, WashingtonPost",https://www.washingtonpost.com/climate-solutions/2020/09/30/climate-change-quiz8/?arc404=true
wordpress,2020-09-30,nearby links (estimate),solutions,bbc.com,Extinction crisis: World leaders say it is time to act,https://www.bbc.com/news/science-environment-54357479
wordpress,2020-09-30,url,solutions,theguardian.com,"Green Homes Grant: homeowners can apply for up to £5,000 in England",https://www.theguardian.com/environment/2020/sep/30/green-homes-grant-apply-egland-vouchers-insulation-double-glazing
wordpress,2020-09-30,url,effects,theguardian.com,"Greenland's ice melting faster than at any time in past 12,000 years",https://www.theguardian.com/world/2020/sep/30/greenlands-ice-melting-faster-sea-level-rise
wordpress,2020-09-30,url,effects,cnn.com,"Greenland's ice sheet is melting as fast as at any time in the last 12,000 years",https://www.cnn.com/2020/09/30/weather/greenland-ice-sheet-melt-carbon-emissions-climate-change/index.html
wordpress,2020-09-30,nearby links (estimate),effects,cbsnews.com,Greenland Ice Sheet projected to lose ice at the fastest rate since the end of the last Ice Age,https://www.cbsnews.com/news/greenland-ice-sheet-melt-fastest-rate-since-ice-age-climate-change/
wordpress,2020-09-30,nearby links (estimate),other,bbc.com,Has the world started to take climate change fight seriously?,https://www.bbc.com/news/science-environment-54347878
wordpress,2020-09-30,nearby links (estimate),solutions,bbc.com,Hydrogen-powered train makes UK maiden journey,https://www.bbc.com/news/av/business-54350046
wordpress,2020-09-30,nearby links (estimate),causes,wired.com,"In an Odd Twist, Cleaner Air in China May Mean a Warmer Earth",https://www.wired.com/story/in-an-odd-twist-cleaner-air-in-china-may-mean-a-warmer-earth/
wordpress,2020-09-30,url,effects,nytimes.com,Melting Ice Reveals Mummified Penguins in Antarctica,https://www.nytimes.com/2020/09/30/science/penguins-mummies-antarctica.html
wordpress,2020-09-30,nearby links (estimate),other,newyorker.com,"No Comment: The Debate Is a Reminder That, Right Now, Words Don’t Mean Much",https://www.newyorker.com/news/annals-of-a-warming-planet/no-comment-the-debate-is-a-reminder-that-right-now-words-dont-mean-much
wordpress,2020-09-30,nearby links (estimate),other,wsj.com,Renewable Energy Can Live With Trump or Biden,https://www.wsj.com/articles/renewable-energy-can-live-with-trump-or-biden-11601472791
wordpress,2020-09-30,url,solutions,theguardian.com,"Shell to cut up to 9,000 jobs as Covid-19 accelerates green drive",https://www.theguardian.com/business/2020/sep/30/shell-to-cut-up-to-9000-jobs-on-back-of-covid-19-crisis
wordpress,2020-09-01,url-month,effects,theatlantic.com,The West’s Animals Can’t Survive This,https://www.theatlantic.com/science/archive/2020/09/wests-wildfires-are-killing-off-its-wildlife/616549/
wordpress,2020-09-01,url-month,other,theatlantic.com,Trump’s Climate Self-Own,https://www.theatlantic.com/science/archive/2020/09/climate-change-trump-debate-emissions/616555/
wordpress,2020-09-30,url,causes,washingtonpost.com,Trump official stalls polar bear study that could affect oil drilling in Alaska,https://www.washingtonpost.com/climate-environment/2020/09/30/usgs-polar-bears/
wordpress,2020-09-29,url,solutions,insideclimatenews.org,Trump’s Pick for the Supreme Court Could Deepen the Risk for Its Most Crucial Climate Change Ruling,https://insideclimatenews.org/news/29092020/amy-coney-barrett
wordpress,2020-09-30,url,other,npr.org,Trump To Appeal Removal Of 'Polarizing' Public Lands Chief,https://www.npr.org/2020/09/30/918243600/trump-to-appeal-removal-of-polarizing-public-lands-chief
wordpress,2020-09-29,nearby links (estimate),effects,bbc.com,"Two-fifths of plants at risk of extinction, says report",https://www.bbc.com/news/science-environment-54344309
wordpress,2020-09-29,url,causes,desmogblog.com,"After Calling for Climate Action, US Chamber of Commerce Pushes Pro-Fossil Fuel Agenda",https://www.desmogblog.com/2020/09/29/change-us-chamber-commerce-fossil-fuels-climate
wordpress,2020-09-29,nearby links (estimate),causes,bbc.com,Anger as Brazil revokes mangrove protection regulations,https://www.bbc.com/news/world-latin-america-54338892
wordpress,2020-09-29,nearby links (estimate),effects,livescience.com,"Antarctica could melt 'irreversibly' due to climate change, study warns",https://www.livescience.com/antarctica-ice-free-climate-change.html
wordpress,2020-09-28,url,other,insideclimatenews.org,"California Farm Bureau Fears Improvements Like Barns, and Even Trees, Will Be Taxed Under Prop. 15",https://insideclimatenews.org/news/28092020/california-proposition-15-agriculture-election
wordpress,2020-09-29,url,effects,npr.org,Colorado's Grizzly Creek Fire Shows Climate Change's Threat To Transport Routes,https://www.npr.org/2020/09/29/917016141/colorados-grizzly-creek-fire-shows-climate-change-s-threat-to-transport-routes
wordpress,2020-09-29,url,solutions,nytimes.com,"Compact Nuclear Fusion Reactor Is ‘Very Likely to Work,’ Studies Suggest",https://www.nytimes.com/2020/09/29/climate/nuclear-fusion-reactor.html
wordpress,2020-09-29,url,solutions,nytimes.com,How Coal-Loving Australia Became the Leader in Rooftop Solar,https://www.nytimes.com/2020/09/29/business/energy-environment/australia-rooftop-solar-coal.html
wordpress,2020-09-01,url-month,other,yaleclimateconnections.org,Is climate change a 'motivator' issue in the 2020 Senate elections?,https://yaleclimateconnections.org/2020/09/is-climate-change-a-motivator-issue-in-the-2020-senate-elections/
wordpress,2020-09-29,url,effects,washingtonpost.com,"Mixing of the planet’s ocean waters is slowing down, speeding up global warming, study finds",https://www.washingtonpost.com/weather/2020/09/29/global-ocean-layers-warming/
wordpress,2020-09-29,url,solutions,theguardian.com,Planetary ‘safety net’ could halt wildlife loss and slow climate breakdown,https://www.theguardian.com/environment/ng-interactive/2020/sep/29/planetary-safety-net-could-halt-wildlife-loss-and-slow-climate-breakdown-aoe
wordpress,2020-09-29,url,other,pewresearch.org,Science and Scientists Held in High Esteem Across Global Publics,https://www.pewresearch.org/science/2020/09/29/science-and-scientists-held-in-high-esteem-across-global-publics/
wordpress,2020-09-29,nearby links (estimate),effects,cbsnews.com,The oceans are out of balance — and that means stronger storms and threats to marine life,https://www.cbsnews.com/news/climate-change-oceans-balance-stronger-storms-marine-life/
wordpress,2020-09-29,nearby links (estimate),effects,phys.org,Throwing a warm sheet over our understanding of ice and climate,https://phys.org/news/2020-09-sheet-ice-climate.html
wordpress,2020-09-29,nearby links (estimate),effects,dailymail.co.uk,"Two of Antarctica's most important glaciers which together cover area the size of Norway are crumbling faster than ever, satellite images reveal",https://www.dailymail.co.uk/sciencetech/article-8785957/Climate-change-Two-Antarcticas-important-glaciers-crumbling-faster-ever.html
wordpress,2020-09-29,url,causes,npr.org,U.S. Emission Reductions Slowed After Trump Pulled Out Of Paris Accord,https://www.npr.org/2020/09/29/913727755/u-s-emission-reductions-slowed-after-trump-pulled-out-of-paris-accord
wordpress,2020-09-29,url,solutions,npr.org,"With Glaciers Melting And Temps Soaring, Pakistan Pursues Big Action On Climate Change",https://www.npr.org/2020/09/29/916878679/with-glaciers-melting-and-temps-soaring-pakistan-pursues-big-action-on-climate-c
wordpress,2020-09-29,nearby links (estimate),effects,unenvironment.org,Another wake-up call: sea ice loss is speeding up,https://www.unenvironment.org/news-and-stories/story/another-wake-call-sea-ice-loss-speeding
wordpress,2020-09-28,nearby links (estimate),solutions,reuters.com,"Britain, Canada, EU throw weight behind 2030 biodiversity protection goal",https://www.reuters.com/article/us-climate-change-governments-nature/britain-canada-eu-throw-weight-behind-2030-biodiversity-protection-goal-idUSKBN26J25U
wordpress,2020-09-28,url,effects,washingtonpost.com,"California wildfires erupt in wine country, damaging Santa Rosa and prompting evacuations",https://www.washingtonpost.com/weather/2020/09/28/california-wildfires-santa-rosa-glass-fire/
wordpress,2020-09-28,nearby links (estimate),effects,reuters.com,"California wine country fire quadruples in size, more evacuations ordered",https://www.reuters.com/article/us-usa-wildfires/california-wine-country-fire-quadruples-in-size-more-evacuations-ordered-idUSKBN26J2H7
wordpress,2020-09-28,url,effects,theguardian.com,Climate emergency drives noctule bat northwards,https://www.theguardian.com/news/2020/sep/28/climate-emergency-drives-noctule-bat-northwards-britain
wordpress,2020-09-28,nearby links (estimate),other,thehill.com,"Green neighborhoods for better jobs, a cleaner environment, and a sustainable future",https://thehill.com/blogs/congress-blog/energy-environment/518537-green-neighborhoods-for-better-jobs-a-cleaner
wordpress,2020-09-28,nearby links (estimate),solutions,unenvironment.org,Green recovery post-COVID-19: Promoting healthy and restored forests,https://www.unenvironment.org/news-and-stories/speech/green-recovery-post-covid-19-promoting-healthy-and-restored-forests
wordpress,2020-09-28,url,solutions,washingtonpost.com,How Amy Coney Barrett may make it harder for environmentalists to win in court,https://www.washingtonpost.com/politics/2020/09/28/energy-202-how-amy-coney-barrett-may-make-it-harder-environmentalists-win-court/
wordpress,2020-09-28,nearby links (estimate),effects,pbs.org,New California fire scorches wine country near San Francisco,https://www.pbs.org/newshour/nation/new-california-fire-scorches-wine-country-near-san-francisco
wordpress,2020-09-28,nearby links (estimate),other,climate.nasa.gov,New Sea Level Satellite Arrives at California Launch Site,https://climate.nasa.gov/news/3026/new-sea-level-satellite-arrives-at-california-launch-site/
wordpress,2020-09-28,url,effects,insideclimatenews.org,New Study Shows a Vicious Circle of Climate Change Building on Thickening Layers of Warm Ocean Water,https://insideclimatenews.org/news/28092020/ocean-stratification-climate-change
wordpress,2020-09-28,nearby links (estimate),other,thehill.com,1 in 4 adults cite climate change in decision not to have children,https://thehill.com/policy/energy-environment/518607-1-in-4-adults-cite-climate-change-in-decision-not-to-have-children
wordpress,2020-09-28,nearby links (estimate),effects,bbc.com,Sir David Attenborough warns world leaders over extinction crisis,https://www.bbc.com/news/science-environment-54329813
wordpress,2020-09-28,nearby links (estimate),causes,reuters.com,Soaring Amazon deforestation splits Brazil's agriculture lobby,https://www.reuters.com/article/brazil-environment-agriculture/soaring-amazon-deforestation-splits-brazils-agriculture-lobby-idUSL4N2GP462
wordpress,2020-09-28,nearby links (estimate),causes,vice.com,"Surprise, Big Oil Has the Same Lawyers as Big Tobacco",https://www.vice.com/en_us/article/qj4yxv/fossil-fuel-industry-opposing-climate-change-lawsuits-defended-big-tobacco
wordpress,2020-09-28,nearby links (estimate),other,newsweek.com,The Oceans Appear to Be Stabilizing. Here's Why it's Very Bad News | Opinion,https://www.newsweek.com/climate-change-oceans-stabilizing-1534512
wordpress,2020-09-01,url-month,causes,sciencemag.org,Trump White House recruited climate science critics to work at NOAA,https://www.sciencemag.org/news/2020/09/trump-white-house-recruited-climate-science-critics-work-noaa
wordpress,2020-09-27,nearby links (estimate),effects,climate.nasa.gov,Warming Temperatures Are Driving Arctic Greening,https://climate.nasa.gov/news/3025/warming-temperatures-are-driving-arctic-greening/
wordpress,2020-09-28,url,solutions,politico.com,What Amy Coney Barrett could mean for climate law,https://www.politico.com/newsletters/morning-energy/2020/09/28/what-amy-coney-barrett-could-mean-for-climate-law-790641
wordpress,2020-09-27,nearby links (estimate),other,nature.com,What Trump’s Supreme Court pick could mean for science,https://www.nature.com/articles/d41586-020-02747-x
wordpress,2020-09-28,url,solutions,desmogblog.com,Why a Tidal Wave of Climate Lawsuits Looms Over the Fossil Fuel Industry,https://www.desmogblog.com/2020/09/28/wave-climate-lawsuits-exxon-api-fossil-fuels
wordpress,2020-09-27,url,other,nytimes.com,Big Business’s Undisclosed Climate Crisis Plans,https://www.nytimes.com/2020/09/27/opinion/climate-change-us-companies.html
wordpress,2020-09-25,url,causes,insideclimatenews.org,"Exxon Touts Carbon Capture as a Climate Fix, but Uses It to Maximize Profit and Keep Oil Flowing",https://insideclimatenews.org/news/25092020/exxon-carbon-capture
wordpress,2020-09-27,url,effects,washingtonpost.com,"Hurricanes near U.S. coast forecast to worsen and multiply due to global warming, WashigntonPost",https://www.washingtonpost.com/weather/2020/09/27/hurricanes-atlantic-coast-climate-change/
wordpress,2020-09-27,nearby links (estimate),solutions,pbs.org,New rule may strip pollution protections from popular lakes,https://www.pbs.org/newshour/science/new-rule-may-strip-pollution-protections-from-popular-lakes
wordpress,2020-09-27,url,other,nytimes.com,Pakistan’s Most Terrifying Adversary Is Climate Change,https://www.nytimes.com/2020/09/27/opinion/pakistan-climate-change.html
wordpress,2020-09-27,nearby links (estimate),other,cbsnews.com,"Sir David Attenborough to 60 Minutes on climate change: ""A crime has been committed""",https://www.cbsnews.com/news/sir-david-attenborough-60-minutes-2020-09-27/
wordpress,2020-09-01,url-month,effects,theatlantic.com,The Plant Pandemics Just Keep on Coming,https://www.theatlantic.com/science/archive/2020/09/worlds-trees-got-so-sick/616506/
wordpress,2020-09-01,url-month,causes,yaleclimateconnections.org,The video origin of the myth that global warming is good for agriculture,https://yaleclimateconnections.org/2020/09/video-origin-of-the-myth-that-global-warming-good-for-agriculture/
wordpress,2020-09-28,url,solutions,theguardian.com,World leaders pledge to halt Earth’s destruction ahead of UN summit,https://www.theguardian.com/environment/2020/sep/28/world-leaders-pledge-to-halt-earth-destruction-un-summit
wordpress,2020-09-26,nearby links (estimate),other,apnews.com,"Leaders to UN: If virus doesn’t kill us, climate change will",https://apnews.com/article/climate-climate-change-oceans-environment-united-nations-general-assembly-d073896990db973a3e45db26787d6a18
wordpress,2020-09-26,url,other,washingtonpost.com,"Montana judge ousts Trump’s temporary Bureau of Land Management director, casting doubt on range of decisions",https://www.washingtonpost.com/climate-environment/2020/09/26/william-pendley-blm-montana-judge/
wordpress,2020-09-25,nearby links (estimate),solutions,cbsnews.com,"As fossil fuel jobs falter, renewables come to the rescue",https://www.cbsnews.com/news/renewable-energy-jobs-replacing-fossil-fuel-jobs-oil-wind/
wordpress,2020-09-25,url,effects,nytimes.com,"At Climate Week, America’s Cascading Disasters Dominate",https://www.nytimes.com/2020/09/25/climate/climate-week-2020.html
wordpress,2020-09-25,nearby links (estimate),effects,bbc.com,California wildfire trend 'driven by climate',https://www.bbc.com/news/science-environment-54278988
wordpress,2020-09-25,nearby links (estimate),solutions,vice.com,Can Geoengineering Fix the Climate Crisis?,https://www.vice.com/en_us/article/9354y5/geoengineering-climate-change
wordpress,2020-09-25,nearby links (estimate),effects,fox13news.com,"Climate change poses ‘major risk’ to US financial system, federal report warns",https://www.fox13news.com/news/climate-change-poses-major-risk-to-us-financial-system-federal-report-warns.amp
wordpress,2020-09-25,nearby links (estimate),other,vice.com,How to Figure Out Which Candidates Actually Care About the Environment,https://www.vice.com/en_us/article/akzbwb/candidates-who-care-about-climate-change-green-new-deal-2020-election
wordpress,2020-09-25,url,other,npr.org,"'Light Years Ahead' Of Their Elders, Young Republicans Push GOP On Climate Change",https://www.npr.org/2020/09/25/916238283/light-years-ahead-of-their-elders-young-republicans-push-gop-on-climate-change
wordpress,2020-09-25,url,effects,theguardian.com,'Sliding towards extinction': koala may be given endangered listing as numbers plummet,https://www.theguardian.com/environment/2020/sep/25/sliding-towards-extinction-koala-may-be-given-endangered-listing-as-numbers-plummet
wordpress,2020-09-25,nearby links (estimate),effects,vice.com,The Amazon's Lesser-Known Cousin Has Lost a Fifth of its Area to Wildfire The Year,https://www.vice.com/en_us/article/889pzx/the-amazons-lesser-known-cousin-has-lost-a-fifth-of-its-area-to-wildfire-the-year
wordpress,2020-09-01,url-month,causes,yaleclimateconnections.org,The evidence is compelling on human activity as the principal cause of global warming,https://yaleclimateconnections.org/2020/09/the-evidence-is-compelling-on-human-activity-as-the-principal-cause-of-global-warming/
wordpress,2020-09-01,url-month,other,edition.cnn.com,The one chance we have - The pandemic gave the world a golden opportunity to fix the climate crisis. We’re about to waste it,https://edition.cnn.com/interactive/2020/09/world/climate-covid-money-intl/
wordpress,2020-09-25,url,causes,npr.org,Trump Administration Moves To Expand Development In Alaska's Tongass National Forest,https://www.npr.org/2020/09/25/916932812/trump-administration-moves-to-allow-logging-in-alaskas-tongass-national-forest
wordpress,2020-09-24,nearby links (estimate),causes,reuters.com,Trump administration proposes allowing new roads in Alaska's Tongass forest,https://www.reuters.com/article/us-environment-alaska/trump-administration-proposes-allowing-new-roads-in-alaskas-tongass-forest-idUSKCN26G38A
wordpress,2020-09-24,nearby links (estimate),other,nbcnews.com,What a day on Mars will do: Californians have new urgency on climate change,https://www.nbcnews.com/science/environment/what-day-mars-will-do-californians-have-new-urgency-climate-n1241072
wordpress,2020-09-24,nearby links (estimate),other,vice.com,What’s Stopping Us From Stopping Climate Change?,https://www.vice.com/en_ca/article/bv8qdd/how-much-do-people-actually-know-about-climate-change-statistics
wordpress,2020-09-24,nearby links (estimate),solutions,reuters.com,"World's youth rallies against climate change, Reuters",https://www.reuters.com/article/climate-change-protests-idUSKCN26G113
wordpress,2020-09-24,nearby links (estimate),effects,nbcnews.com,A growing toxic threat — made worse by climate change,https://www.nbcnews.com/specials/superfund-sites-climate-change/
wordpress,2020-09-24,url,solutions,fool.com,Brookfield Renewable to Supply Plug Power's First Green Hydrogen Plant With Renewable Energy,https://www.fool.com/investing/2020/09/24/brookfield-renewable-to-supply-plug-powers-first-g/
wordpress,2020-09-24,url,solutions,npr.org,California Gov. Newsom Calls Transition To Electric Cars An 'Economic Imperative',https://www.npr.org/2020/09/24/916625380/california-governor-on-his-order-to-ban-sale-of-new-gasoline-vehicles-by-2035
wordpress,2020-09-24,url,solutions,usnews.com,"California, Michigan Announce Climate Change Plans",https://www.usnews.com/news/best-states/articles/2020-09-24/california-michigan-take-action-against-climate-change
wordpress,2020-09-24,nearby links (estimate),solutions,geekwire.com,Climate change reversal startup Nori raises $4M for its CO2 offsets marketplace,https://www.geekwire.com/2020/climate-change-reversal-startup-nori-raises-4m-co2-offsets-marketplace/
wordpress,2020-09-24,nearby links (estimate),solutions,thehill.com,House passes sweeping clean energy bill,https://thehill.com/policy/energy-environment/518102-house-passes-sweeping-clean-energy-bill
wordpress,2020-09-24,nearby links (estimate),other,vox.com,How affluent people can end their mindless overconsumption,https://www.vox.com/platform/amp/21450911/climate-change-coronavirus-greta-thunberg-flying-degrowth
wordpress,2020-09-24,url,other,theguardian.com,Kentucky’s climate is suffering. Can the state slip the industry ties that prevent change?,https://www.theguardian.com/us-news/2020/sep/24/kentuckys-climate-is-suffering-can-the-state-slip-the-industry-ties-that-prevent-change?CMP=oth_b-aplnews_d-1
wordpress,2020-09-24,nearby links (estimate),effects,foxnews.com,"Melting Antarctic ice will raise sea levels and might cause humanity to 'give up ... New York',",https://www.foxnews.com/science/melting-antarctic-ice-sheet-raise-sea-levels-8-feet-study
wordpress,2020-09-24,url,effects,nytimes.com,Ocean Heat Waves Are Directly Linked to Climate Change,https://www.nytimes.com/2020/09/24/climate/ocean-heat-waves-blob.html
wordpress,2020-09-24,nearby links (estimate),effects,vice.com,The Himalayas Are Melting Faster Than Ever. A Proposal by The Indian Gov’t May Accelerate the Pace.,https://www.vice.com/en_us/article/3az9wv/the-himalayas-are-melting-faster-than-ever-a-proposal-by-the-indian-govt-eia-2020-may-accelerate-the-pace
wordpress,2020-09-01,url-month,other,yaleclimateconnections.org,Recent pieces on importance of 'sliding baselines',https://yaleclimateconnections.org/2020/09/recent-pieces-on-importance-of-sliding-baselines/
wordpress,2020-09-24,url,causes,theguardian.com,Trump administration advances plan to cut protections for largest national forest,https://www.theguardian.com/us-news/2020/sep/24/tongass-national-forest-trump-administration-logging
wordpress,2020-09-24,url,causes,desmogblog.com,Trump Appoints Pair of Climate Science Deniers to NOAA While Climate-Fueled Fires and Storms Rage,https://www.desmogblog.com/2020/09/24/trump-noaa-david-legates-ryan-maue-climate-denial?utm_source=DeSmog%20Weekly%20Newsletter
wordpress,2020-09-24,nearby links (estimate),other,reuters.com,U.S. climate scientist Katharine Hayhoe: people need hope,https://www.reuters.com/article/us-climate-change-hayhoe-newsmaker-idUSKCN26F3MM
wordpress,2020-09-24,url,other,theguardian.com,"What is carbon capture, usage and storage – and can it trap emissions?",https://www.theguardian.com/environment/2020/sep/24/what-is-carbon-capture-usage-and-storage-and-can-it-trap-emissions
wordpress,2020-09-23,nearby links (estimate),solutions,reuters.com,California outpaced Trump's Forest Service in wildfire prevention work: data,https://www.reuters.com/article/us-usa-wildfires-forests-insight-idUSKCN26E2QO
wordpress,2020-09-23,url,solutions,nytimes.com,California Plans to Ban Sales of New Gas-Powered Cars in 15 Years,https://www.nytimes.com/2020/09/23/climate/california-ban-gas-cars.html
wordpress,2020-09-23,nearby links (estimate),solutions,nbcnews.com,"China, top global emitter, aims to go carbon-neutral by 2060",https://www.nbcnews.com/science/environment/china-top-global-emitter-aims-go-carbon-neutral-2060-rcna136
wordpress,2020-09-23,url,other,theguardian.com,Guardian/Vice poll finds most US 2020 voters strongly favor climate action,https://www.theguardian.com/us-news/2020/sep/23/us-voters-climate-change-guardian-vice-poll
wordpress,2020-09-22,url,causes,washingtonpost.com,"In secret tapes, mine executives detail their sway over leaders from Juneau to the White House",https://www.washingtonpost.com/climate-environment/2020/09/22/pebble-mine-secret-tapes/
wordpress,2020-09-23,url,effects,theguardian.com,"Melting Antarctic ice will raise sea level by 2.5 metres – even if Paris climate goals are met, study finds",https://www.theguardian.com/environment/2020/sep/23/melting-antarctic-ice-will-raise-sea-level-by-25-metres-even-if-paris-climate-goals-are-met-study-finds
wordpress,2020-09-23,url,effects,npr.org,1 in 7 Americans Have Experienced Dangerous Air Quality Due To Wildfires This Year,https://www.npr.org/2020/09/23/915723316/1-in-7-americans-have-experienced-dangerous-air-quality-due-to-wildfires-this-ye
wordpress,2020-09-01,url-month,solutions,sciencemag.org,Plant trees or let forests regrow? New studies probe two ways to fight climate change,https://www.sciencemag.org/news/2020/09/plant-trees-or-let-forests-regrow-new-studies-probe-two-ways-fight-climate-change
wordpress,2020-09-23,nearby links (estimate),other,time.com,"Republicans Claim Addressing Climate Change Is Too Expensive. Americans Aren’t Buying It, a New Poll Shows",https://time.com/5892097/climate-change-not-too-expensive-poll/
wordpress,2020-09-23,url,other,nytimes.com,Election and Supreme Court Fight Will Decide Trump’s Environmental Legacy,https://www.nytimes.com/2020/09/23/climate/trump-environment-courts.html
wordpress,2020-09-23,url,effects,theguardian.com,‘They’re suffering now’: Americans scramble to adapt to daily reality of climate crisis,https://www.theguardian.com/environment/2020/sep/23/california-climate-crisis-wildfires-smoke-heat-health?CMP=oth_b-aplnews_d-1
wordpress,2020-09-23,nearby links (estimate),other,vice.com,Voters Want to Use Climate Change Policies to Rebuild the Economy After COVID,https://www.vice.com/en_us/article/4ay9jb/voters-want-to-use-climate-change-policies-to-rebuild-the-economy-after-covid
wordpress,2020-09-23,url,effects,washingtonpost.com,Why the 2020 Atlantic hurricane season has spun out of control,https://www.washingtonpost.com/weather/2020/09/23/atlantic-hurricanes-record-2020/
wordpress,2020-09-23,url,effects,washingtonpost.com,Wildfire danger in West to escalate as intense heat dome builds this weekend,https://www.washingtonpost.com/weather/2020/09/23/western-wildfires-next-heat-wave/
wordpress,2020-09-22,page date (estimate),effects,ipcc.ch,Intergovernmental Panel on Climate Change,https://www.ipcc.ch/
wordpress,2020-09-22,page date (estimate),causes,epa.gov,https://www.epa.gov/ghgemissions/global-greenhouse-gas-emissions-data#Trends,https://www.epa.gov/ghgemissions/global-greenhouse-gas-emissions-data#Trends
wordpress,2019-08-01,url-month,other,sciencedaily.com,"Climate change conversations can be difficult for both skeptics, environmentalists",https://www.sciencedaily.com/releases/2019/08/190810151936.htm
wordpress,2019-08-01,nearby links (estimate),causes,newyorker.com,"Deforestation, Agriculture, and Diet Are Fuelling the Climate Crisis",https://www.newyorker.com/news/news-desk/deforestation-agriculture-and-diet-are-fuelling-the-climate-crisis
wordpress,2019-08-01,nearby links (estimate),solutions,nature.com,"Environmentally Optimal, Nutritionally Sound, Protein and Energy Conserving Plant Based Alternatives to U.S. Meat",https://www.nature.com/articles/s41598-019-46590-1
wordpress,2020-09-22,nearby links (estimate),effects,nature.com,Arctic sea ice hits second-lowest level on record,https://www.nature.com/articles/d41586-020-02705-7
wordpress,2020-09-22,url,effects,washingtonpost.com,"Arctic sea ice slides to second-lowest level on record, thanks to Siberian heat waves",https://www.washingtonpost.com/weather/2020/09/22/arctic-sea-ice-low/
wordpress,2020-09-22,url,effects,nytimes.com,Climate Disruption Is Now Locked In. The Next Moves Will Be Crucial,https://www.nytimes.com/2020/09/22/climate/climate-change-future.html?referringSource=articleShare
wordpress,2020-09-22,nearby links (estimate),effects,nbcnews.com,"Fierce, frequent, climate-fueled wildfires may decimate forests worldwide",https://www.nbcnews.com/science/environment/fierce-frequent-climate-fueled-wildfires-may-decimate-forests-worldwid-rcna131
wordpress,2020-09-22,nearby links (estimate),other,thenation.com,Putting the Existential Threat of Climate Change Front and Center,https://www.thenation.com/article/politics/supreme-court-nomination-media/
wordpress,2020-09-22,url,effects,wbur.org,"Rising Temperatures From Climate Change And Extreme Wildfires Go ‘Hand-In-Hand,’ Scientist Says",https://www.wbur.org/hereandnow/2020/09/22/climate-change-extreme-wildfires
wordpress,2020-09-22,nearby links (estimate),effects,nature.com,Summer warming explains widespread but not uniform greening in the Arctic tundra biome,https://www.nature.com/articles/s41467-020-18479-5
wordpress,2020-09-01,url-month,effects,theatlantic.com,The United States Has Become a Disaster Area,https://www.theatlantic.com/science/archive/2020/09/united-states-disaster-area/616422/
wordpress,2020-09-19,url,effects,cnn.com,"Wildfire-weary Californians, 'tired of this being normal,' consider uprooting their lives",https://www.cnn.com/2020/09/19/us/california-fires-climate-change-migration/index.html
wordpress,2020-09-21,url,effects,washingtonpost.com,How long until it’s too late to save Earth from climate disaster? This clock is counting down,https://www.washingtonpost.com/climate-environment/2020/09/21/climate-change-metronome-clock-nyc/
wordpress,2020-09-19,nearby links (estimate),effects,climate.nasa.gov,2020 Arctic Sea Ice Minimum at Second Lowest on Record,https://climate.nasa.gov/news/3023/2020-arctic-sea-ice-minimum-at-second-lowest-on-record/
wordpress,2020-09-19,nearby links (estimate),effects,time.com,'A Climate Emergency Unfolding Before Our Eyes.' Arctic Sea Ice Has Shrunk to Almost Historic Levels,https://time.com/5890172/arctic-sea-ice-minimum-2020/
wordpress,2020-09-19,nearby links (estimate),effects,chicagotribune.com,"Climate change magnifies weather extremes, with parts of US on fire while others are underwater",https://www.chicagotribune.com/nation-world/ct-nw-climate-change-extreme-weather-20200920-jqk6slivlrchhb5uzxhxxr4ugy-story.html
wordpress,2020-09-19,nearby links (estimate),causes,axios.com,Pinpointing climate change's role in extreme weather,https://www.axios.com/climate-change-extreme-hurricanes-wildfires-94b3f5f1-b01f-4428-b31c-8d04610c8c90.html
wordpress,2020-09-18,url,effects,nytimes.com,Every Place Has Its Own Climate Risk. What Is It Where You Live?,https://www.nytimes.com/interactive/2020/09/18/opinion/wildfire-hurricane-climate.html?action=click&module=Opinion&pgtype=Homepage
wordpress,2020-09-21,nearby links (estimate),effects,nbcnews.com,"As wildfires rage, climate experts warn: The future we were worried about is here",https://www.nbcnews.com/science/environment/wildfires-rage-climate-experts-warn-future-we-were-worried-about-n1240456
wordpress,2020-09-21,nearby links (estimate),effects,cbsnews.com,"Wildfires and weather extremes: It's not coincidence, it's climate change",https://www.cbsnews.com/news/wildfire-climate-change-extreme-weather/
wordpress,2020-09-21,nearby links (estimate),effects,cnn.com,Some of Glacier National Park's glaciers have lost as much as 80% of their size in the last 50 years,https://www.cnn.com/travel/article/glacier-national-park-melting-scn-trnd/index.html
wordpress,2020-09-21,nearby links (estimate),effects,nbcnews.com,Water shortages in U.S. West likelier than previously thought,https://www.nbcnews.com/science/science-news/water-shortages-us-west-likelier-previously-thought-rcna120
wordpress,2020-09-21,nearby links (estimate),effects,propublica.org,Climate Change Will Force a New American Migration,https://www.propublica.org/article/climate-change-will-force-a-new-american-migration
wordpress,2020-09-21,url,effects,washingtonpost.com,"Antarctic glaciers are falling apart. Meanwhile, Trump hires a climate denier",https://www.washingtonpost.com/opinions/antarctic-glaciers-are-falling-apart-meanwhile-trump-hires-a-climate-denier/2020/09/21/e5e97c20-f859-11ea-a275-1a2c2d36e1f1_story.html
wordpress,2020-09-21,url,causes,washingtonpost.com,"White House recommends Ryan Maue, meteorologist and critic of dire climate predictions, for NOAA chief scientist",https://www.washingtonpost.com/weather/2020/09/21/noaa-chief-scientist-maue/
wordpress,2020-09-11,nearby links (estimate),causes,bbc.com,How the oil industry made us doubt climate change,https://www.bbc.com/news/stories-53640382
wordpress,2020-09-11,nearby links (estimate),causes,propublica.org,This Billionaire Governor’s Coal Company Might Get a Big Break From His Own Regulators,https://www.propublica.org/article/this-billionaire-governors-coal-company-might-get-a-big-break-from-his-own-regulators
wordpress,2020-09-11,url,causes,npr.org,Conspiracies Add Fuel To An Already Challenging Wildfire Season,https://www.npr.org/2020/09/11/911869370/conspiracies-add-fuel-to-an-already-challenging-wildfire-season
wordpress,2020-09-21,nearby links (estimate),causes,newsweek.com,"There Are 100 Companies Responsible for Climate Change, Activist Says",https://www.newsweek.com/climate-change-xr-extinction-rebellion-fossil-fuels-climate-greenhouse-gasses-emissions-1530084
wordpress,2019-09-04,url,other,cnn.com,The science behind the climate crisis,https://www.cnn.com/2019/09/04/us/climate-change-science-101-basics/index.html
wordpress,2020-08-01,url-month,solutions,theatlantic.com,Democrats Are Trying to Save Climate Policy From the Senate,https://www.theatlantic.com/science/archive/2020/08/a-new-plan-to-surmount-climate-policys-greatest-obstacle/615658/
wordpress,2020-09-11,nearby links (estimate),other,vice.com,Here's Exactly How a Trump 2020 Win Would Spark a Nightmare Climate Scenario,https://www.vice.com/en_us/article/bvg7yz/heres-exactly-how-a-trump-2020-win-would-spark-a-nightmare-climate-scenario
wordpress,2020-08-28,url,causes,cnn.com,"Hurricanes, fires, floods and locusts: Science says climate change is here but the RNC refuses to believe",https://www.cnn.com/2020/08/28/weather/rapid-fire-disasters-in-coronavirus-pandemic-weir-wxc/index.html
wordpress,2020-09-22,url,solutions,nytimes.com,"As Concerns Over Climate Change Rise, More Developers Turn to Wood",https://www.nytimes.com/2020/09/22/business/mass-timber-wood-buildings.html
wordpress,2020-09-22,url,solutions,nytimes.com,"China, in Pointed Message to U.S., Tightens Its Climate Targets",https://www.nytimes.com/2020/09/22/climate/china-emissions.html?action=click&module=Well&pgtype=Homepage&section=Climate%20and%20Environment
wordpress,2020-08-28,nearby links (estimate),solutions,unenvironment.org,Multilateral action for a green post-COVID-19 recovery,https://www.unenvironment.org/news-and-stories/speech/multilateral-action-green-post-covid-19-recovery
wordpress,2020-09-22,url,solutions,washingtonpost.com,"U.S. companies make new vows to tackle carbon emissions, even as global action falls short",https://www.washingtonpost.com/climate-environment/2020/09/22/climate-clock-week/
wordpress,2020-09-01,url-month,solutions,weforum.org,Transforming homes into power stations - how Sweden is disrupting energy production,https://www.weforum.org/agenda/2020/09/sweden-energy-production-renewable-power-district-heating/
wordpress,2020-09-22,nearby links (estimate),other,wired.com,Geoengineering Is the Only Solution to Our Climate Calamities,https://www.wired.com/story/geoengineering-is-the-only-solution-to-our-climate-calamities/
wordpress,2020-08-10,url,solutions,washingtonpost.com,The $16 billion plan to beam Australia’s Outback sun onto Asia’s power grids,https://www.washingtonpost.com/climate-solutions/2020/08/10/australia-solar-energy-asia/
wordpress,2017-04-30,url,solutions,theguardian.com,Powerhouse: the startup making solar the most accessible energy in the world,https://www.theguardian.com/sustainable-business/2017/apr/30/powerhouse-incubator-accelerator-solar-energy
wordpress,2020-09-01,nearby links (estimate),solutions,geekwire.com,"Microsoft pledges to be ‘carbon negative’ by 2030, launches $1B Climate Innovation Fund",https://www.geekwire.com/2020/microsoft-pledges-carbon-negative-2030-launches-1b-climate-innovation-fund/
wordpress,2020-09-22,url,other,theguardian.com,A third of my country was just underwater. The world must act on climate,https://www.theguardian.com/us-news/commentisfree/2020/sep/22/climate-change-action-bangladesh-paris-agreemen
wordpress,2020-08-10,nearby links (estimate),other,bbc.com,"Climate Week: World split on urgency of tackling rising temperatures, poll suggests",https://www.bbc.com/news/science-environment-54208995
wordpress,2020-08-10,nearby links (estimate),solutions,army.mil,"New directive to prepare Army installations against extreme weather, climate change",https://www.army.mil/article/238014/new_directive_to_prepare_army_installations_against_extreme_weather_climate_change
wordpress,2020-08-10,nearby links (estimate),other,newyorker.com,"How Fast Is the Climate Changing?: It’s a New World, Each and Every Day",https://www.newyorker.com/news/annals-of-a-warming-planet/how-fast-is-the-climate-changing-its-a-new-world-each-and-every-day
wordpress,2019-09-01,nearby links (estimate),other,vice.com,The Planet Is Probably in Worse Shape Than We Can Even Predict,https://www.vice.com/en_us/article/ep4gyw/the-planet-is-probably-in-worse-shape-than-we-can-even-predict?
wordpress,2020-09-22,nearby links (estimate),other,bbc.com,What is climate change? A really simple guide,https://www.bbc.com/news/science-environment-24021772
wordpress,2019-09-01,url-month,other,cnn.com,We asked scientists to help answer your most pressing climate questions,https://www.cnn.com/interactive/2019/09/world/climate-questions-answered/index.html
wordpress,2019-09-01,nearby links (estimate),other,vice.com,How Gen-Z Is Dealing With a Looming Climate Apocalypse,https://www.vice.com/en_us/article/vb54ad/how-young-people-are-dealing-with-the-anxiety-of-a-looming-climate-apocalypse
wordpress,2020-09-23,page date (estimate),causes,cdiac.ornl.gov,"Global, Regional, and National Fossil-Fuel CO2Emissions",http://cdiac.ornl.gov/trends/emis/tre_glob_2014.html
wordpress,2019-08-07,nearby links (estimate),effects,nature.com,Acceleration of global N2O emissions seen from two decades of atmospheric inversion,https://www.nature.com/articles/s41558-019-0613-7
wordpress,2020-07-01,url-month,effects,theatlantic.com,A New Solution to Climate Science’s Biggest Mystery,https://www.theatlantic.com/science/archive/2020/07/a-new-solution-to-climate-sciences-biggest-mystery-sensitivity/614581/
wordpress,2019-08-07,nearby links (estimate),effects,downtoearth.org.in,Atmospheric methane concentration at record levels,"https://www.downtoearth.org.in/news/climate-change/atmospheric-methane-concentration-at-record-levels-70504#:~:text=Last%20Updated%3A%20Thursday%2016%20April,and%20Atmospheric%20Administration%20(NOAA)."
wordpress,2019-08-09,url,effects,washingtonpost.com,The heat index in Galveston remained above 100 for 40 straight hours. It’s part of another major heat wave,https://www.washingtonpost.com/weather/2019/08/09/heat-index-galveston-has-remained-above-over-hours-its-part-another-major-heat-wave/
wordpress,2019-08-01,url-month,effects,sciencedaily.com,Back-to-back low snow years will become more common,https://www.sciencedaily.com/releases/2019/08/190808152509.htm
wordpress,2019-08-07,url,effects,insideclimatenews.org,"Alaska's Hottest Month on Record: Melting Sea Ice, Wildfires and Unexpected Die-Offs",https://insideclimatenews.org/news/07082019/alaska-record-hottest-month-sea-ice-melt-climate-change-permafrost-species-die-off
wordpress,2019-08-01,url-month,effects,theatlantic.com,A Heatwave in Greenland,https://www.theatlantic.com/photo/2019/08/heatwave-greenland-photos/595591/
wordpress,2019-08-06,url,effects,nytimes.com,A Quarter of Humanity Faces Looming Water Crises,https://www.nytimes.com/interactive/2019/08/06/climate/world-water-stress.html?action=click&module=Top%20Stories&pgtype=Homepage
wordpress,2019-08-05,nearby links (estimate),effects,scientificamerican.com,"July Was the Hottest Month in Recorded History,",https://www.scientificamerican.com/article/july-was-the-hottest-month-in-recorded-history/
wordpress,2019-08-05,nearby links (estimate),effects,nature.com,Global fire emissions buffered by the production of pyrogenic carbon,https://www.nature.com/articles/s41561-019-0403-x
wordpress,2019-08-05,nearby links (estimate),effects,scienmag.com,How The Pacific Ocean Influences Long-Term Drought In The Southwestern US,https://scienmag.com/how-the-pacific-ocean-influences-long-term-drought-in-the-southwestern-us/
wordpress,2019-08-05,nearby links (estimate),effects,nature.com,Modelling the impacts of climate change on riverine thermal regimes in western Canada’s largest Pacific watershed,https://www.nature.com/articles/s41598-019-47804-2
wordpress,2019-08-05,url,effects,nytimes.com,"How Hot Was July? Hotter Than Ever, Global Data Shows",https://www.nytimes.com/2019/08/05/climate/july-hottest-month-climate.html?action=click&module=News&pgtype=Homepage
wordpress,2019-08-05,url,effects,washingtonpost.com,Here’s how the hottest month in recorded history unfolded around the world,https://www.washingtonpost.com/climate-environment/2019/08/05/heres-how-hottest-month-recorded-history-unfolded-around-globe/
wordpress,2019-08-05,nearby links (estimate),effects,bbc.com,July confirmed as hottest month on record,https://www.bbc.com/news/science-environment-49238745
wordpress,2019-08-05,nearby links (estimate),effects,abcnews.go.com,US Northwest towns 'woefully unprepared' as fire risk grows,https://abcnews.go.com/Technology/wireStory/global-warming-brings-wildfire-risk-rainy-us-northwest-64767818
wordpress,2019-08-01,url-month,effects,arstechnica.com,"Another European heatwave, another link to climate change",https://arstechnica.com/science/2019/08/second-european-heatwave-this-summer-also-linked-to-climate-change/
wordpress,2019-08-02,nearby links (estimate),effects,bbc.com,Climate change: Heatwave made up to 3C hotter by warming,https://www.bbc.com/news/science-environment-49205072
wordpress,2019-08-02,nearby links (estimate),effects,bbc.com,Climate change: July 'marginally' warmest month on record,https://www.bbc.com/news/science-environment-49165476
wordpress,2019-08-01,nearby links (estimate),effects,nature.com,Climate change made European heatwave up to 3°C hotter,https://www.nature.com/articles/d41586-019-02384-z
wordpress,2019-08-02,url,effects,washingtonpost.com,"July was Earth’s hottest month on record, beating or tying July 2016",https://www.washingtonpost.com/weather/2019/08/02/july-was-earths-hottest-month-record-beating-or-tying-july/?utm_term=.2ada4d4ad543&wpisrc=nl_most&wpmm=1
wordpress,2019-08-01,nearby links (estimate),effects,abcnews.go.com,Scientists link Europe heat wave to man-made global warming,https://abcnews.go.com/International/wireStory/scientists-link-europe-heat-wave-man-made-global-64728802
wordpress,2019-08-01,nearby links (estimate),effects,time.com,Siberian Wildfires and Heatwaves in Alaska: How the Arctic Is Nearing a Point of No Return,https://time.com/5641751/arctic-wildfires-heatwaves-alaska-climate-change/
wordpress,2019-08-01,url,effects,cnn.com,Record heat waves might have made July the hottest month ever recorded,https://www.cnn.com/2019/08/01/world/july-hottest-month-climate-sci-intl/index.html
wordpress,2019-07-31,nearby links (estimate),effects,bbc.com,Climate change: UK's 10 warmest years all occurred since 2002,https://www.bbc.com/news/science-environment-49167797
wordpress,2019-07-31,url,effects,washingtonpost.com,"July was the warmest month on record in Boston, Portland, Hartford, and Manchester",https://www.washingtonpost.com/weather/2019/07/31/july-was-warmest-month-record-boston-portland-hartford-manchester/?utm_term=.d6eb62064a86
wordpress,2019-07-31,nearby links (estimate),effects,inverse.com,"Scientists Confirm It's Hotter Now Than It Has Been in the Last 2,000 Years",https://www.inverse.com/article/58163-earth-s-temperature-over-2-000-years-reveals-astonishing-rate-of-warming
wordpress,2019-07-31,url,effects,insideclimatenews.org,Siberian Wildfires Prompt Russia to Declare a State of Emergency,https://insideclimatenews.org/news/31072019/siberia-arctic-wildfires-russia-state-emergency-climate-change-global-warming
wordpress,2019-07-30,url,effects,washingtonpost.com,Alaska’s summer heat has been ‘basically off the charts’,https://www.washingtonpost.com/weather/2019/07/30/alaskas-summer-heat-has-been-basically-off-charts/?utm_term=.128a8ad009be
wordpress,2019-07-30,url,effects,washingtonpost.com,Earth’s temperatures are skewed hot. Expected cool weather in a few spots doesn’t change that.,https://www.washingtonpost.com/weather/2019/07/30/earths-temperatures-are-skewed-hot-expected-cool-weather-few-spots-doesnt-change-that/?utm_term=.c744c65a84a4
wordpress,2020-09-15,url,effects,washingtonpost.com,Hazardous smoke from wildfires continues to smother West Coast,https://www.washingtonpost.com/national/thick-hazardous-smoke-from-wildfires-to-continue-to-smother-west-coast/2020/09/15/908d3540-f797-11ea-be57-d00bb9bc632d_story.html
wordpress,2019-07-30,nearby links (estimate),effects,vox.com,"California’s recurring wildfire problem, explained",https://www.vox.com/21430638/california-wildfires-2020-orange-sky-august-complex
wordpress,2019-07-30,nearby links (estimate),effects,smithsonianmag.com,The Arctic Is Experiencing Its Worst Wildfire Season on Record,https://www.smithsonianmag.com/smart-news/arctic-experiencing-its-worst-wildfire-season-record-180972749/
wordpress,2019-07-30,nearby links (estimate),effects,vice.com,"The Arctic Is on Fire, and It Might Be Creating a Vicious Climate 'Feedback Loop'",https://www.vice.com/en_us/article/qv7g3m/the-arctic-is-on-fire-and-it-might-be-creating-a-vicious-climate-feedback-loop
wordpress,2019-07-29,url,effects,washingtonpost.com,What exactly are heat domes and why are they so long-lasting and miserable?,https://www.washingtonpost.com/weather/2019/07/29/what-exactly-are-heat-domes-why-are-they-so-long-lasting-miserable/?utm_term=.3ba0926763b5
wordpress,2019-07-01,url-month,effects,motherjones.com,Killer Heat Waves Are Becoming Much More Common. Fortunately Scientists Are Getting Better at Predicting Them,https://www.motherjones.com/environment/2019/07/killer-heat-waves-are-becoming-much-more-common-fortunately-scientists-are-getting-better-at-predicting-them/
wordpress,2020-07-01,nearby links (estimate),effects,reuters.com,Think the heatwave was bad? Climate already hitting key tipping points,https://www.reuters.com/article/us-climate-change-heatwaves/think-the-heatwave-was-bad-climate-already-hitting-key-tipping-points-idUSKCN1UN065?utm_source=applenews
wordpress,2019-07-26,url,effects,washingtonpost.com,Europe’s heat wave is about to bake the Arctic,https://www.washingtonpost.com/weather/2019/07/26/europes-heat-wave-is-about-bake-arctic/?utm_term=.ea18799d320b
wordpress,2020-07-01,nearby links (estimate),effects,time.com,"How Climate Change May Be Contributing to Our Political Instability, Time",https://time.com/5888866/climate-change-wildfires-political-instability/
wordpress,2020-09-15,url,effects,nytimes.com,"How Climate Migration will Reshape America, Millions will be displaced. Where will they go?",https://www.nytimes.com/interactive/2020/09/15/magazine/climate-crisis-migration-america.html?action=click&module=Spotlight&pgtype=Homepage
wordpress,2019-08-09,nearby links (estimate),effects,projects.propublica.org,New Climate Maps Show a Transformed United States,https://projects.propublica.org/climate-migration/
wordpress,2020-09-08,url,effects,nytimes.com,Federal Report Warns of Financial Havoc From Climate Change,https://www.nytimes.com/2020/09/08/climate/climate-change-financial-markets.html?action=click&module=RelatedLinks&pgtype=Article
wordpress,2020-07-01,url-month,effects,slate.com,The First Undeniable Climate Change Deaths,https://slate.com/technology/2020/07/climate-change-deaths-japan-2018-heat-wave.html
wordpress,2020-07-23,url,effects,nytimes.com,The Great Climate Mitgration,https://www.nytimes.com/interactive/2020/07/23/magazine/climate-migration.html?action=click&module=Editors%20Picks&pgtype=Homepage
wordpress,2019-08-09,url,effects,washingtonpost.com,"Climate change isn’t an intangible future risk. It’s here now, and it’s killing us",https://www.washingtonpost.com/science/2019/08/09/climate-change-isnt-an-intangible-future-risk-its-here-now-its-killing-us/
wordpress,2019-08-09,nearby links (estimate),effects,pbs.org,Forget coral bleaching. Warming oceans are killing reefs and dissolving their skeletons,https://www.pbs.org/newshour/science/forget-coral-bleaching-warming-oceans-are-killing-reefs-and-dissolving-their-skeletons
wordpress,2019-08-01,url-month,effects,sciencedaily.com,"Marine heatwaves a bigger threat to coral reefs than previously thought, scientists find",https://www.sciencedaily.com/releases/2019/08/190808111429.htm
wordpress,2019-08-09,nearby links (estimate),effects,nature.com,Climate change and overfishing increase neurotoxicant in marine predators,https://www.nature.com/articles/s41586-019-1468-9
wordpress,2019-08-01,url-month,effects,sciencedaily.com,Climate change likely to increase human exposure to toxic methylmercury,https://www.sciencedaily.com/releases/2019/08/190807131917.htm
wordpress,2019-08-01,url-month,effects,sciencedaily.com,Climate change could shrink oyster habitat in California,https://www.sciencedaily.com/releases/2019/08/190806101549.htm
wordpress,2019-08-06,nearby links (estimate),effects,nature.com,Tens of thousands additional deaths annually in cities of China between 1.5 °C and 2.0 °C warming,https://www.nature.com/articles/s41467-019-11283-w
wordpress,2019-08-02,url,effects,insideclimatenews.org,"Dying Orchards, Missing Fish as Climate Change Fueled Europe’s Record Heat",https://insideclimatenews.org/news/02082019/extreme-heat-wave-climate-change-attribution-europe-almond-trees-fish-hottest-july-june
wordpress,2020-09-02,url,effects,nytimes.com,Melting Glaciers Are Filling Unstable Lakes. And They’re Growing,https://www.nytimes.com/2020/09/02/science/global-warming-glacial-lakes.html
wordpress,2019-08-09,url,effects,nytimes.com,What Worries Iceland? A World Without Ice. It Is Preparing,https://www.nytimes.com/2019/08/09/business/iceland-ice-melt-global-warming-climate-change.html
wordpress,2019-08-08,url,effects,washingtonpost.com,"Greenland is on track for a record melt year, having already lost 250 billion tons of ice",https://www.washingtonpost.com/weather/2019/08/08/greenland-is-track-record-melt-year-having-already-lost-billion-tons-ice/?wpisrc=nl_most&wpmm=1
wordpress,2019-08-01,url-month,effects,sciencedaily.com,Ten years of icy data show the flow of heat from the Arctic seafloor,https://www.sciencedaily.com/releases/2019/08/190808185753.htm
wordpress,2019-08-06,url,effects,forbes.com,"Greenland Lost 12.5 Billion Tons Of Ice In One Day, A Grave Reminder Of Our Changing Planet",https://www.forbes.com/sites/trevornace/2019/08/06/greenland-lost-125-billion-tons-of-ice-in-one-day-a-grave-reminder-of-our-changing-planet/#4274c8203986
wordpress,2019-08-08,nearby links (estimate),effects,thehill.com,Greenland's ice wasn't supposed to melt like last week until 2070,https://thehill.com/opinion/energy-environment/456112-greenlands-ice-sheet-wasnt-expected-to-melt-like-this-until-2070
wordpress,2019-08-01,url,effects,washingtonpost.com,The Greenland ice sheet poured 197 billion tons of water into the North Atlantic in July alone,https://www.washingtonpost.com/weather/2019/08/01/greenland-ice-sheet-poured-billion-tons-water-into-north-atlantic-july-alone/
wordpress,2019-08-06,nearby links (estimate),effects,nature.com,Resilience of the Gulf Stream path on decadal and longer timescales,https://www.nature.com/articles/s41598-019-48011-9
wordpress,2019-08-06,nearby links (estimate),effects,phys.org,The Gulf Stream is slowing down. That could mean rising seas and a hotter Florida,https://phys.org/news/2019-08-gulf-stream-seas-hotter-florida.html
wordpress,2019-08-04,nearby links (estimate),effects,bbc.com,Sounding alert about vanishing US coastlines,https://www.bbc.com/reel/video/p07h1ldw/sounding-alert-about-vanishing-us-coastlines
wordpress,2019-08-08,url,effects,washingtonpost.com,Sea level rise is combining with other factors to regularly flood Miami,https://www.washingtonpost.com/weather/2019/08/08/analysis-sea-level-rise-is-combining-with-other-factors-regularly-flood-miami/
wordpress,2019-08-04,nearby links (estimate),effects,wired.com,A SUBMARINE GOES UNDER A FAILING GLACIER TO GAUGE RISING SEAS,https://www.wired.com/story/submarine-under-thwaites-glacier-gauge-rising-seas/
wordpress,2019-08-01,url-month,effects,sciencedaily.com,Ocean temperature 'surprises' becoming more common,https://www.sciencedaily.com/releases/2019/08/190805153717.htm
wordpress,2019-08-04,nearby links (estimate),effects,nature.com,Persistent acceleration in global sea-level rise since the 1960s,https://www.nature.com/articles/s41558-019-0531-8?utm_source=feedburner&utm_medium=feed&utm_campaign=Feed%3A+nclimate%2Frss%2Faop+%28Nature+Climate+Change+-+AOP%29
wordpress,2019-08-04,nearby links (estimate),effects,nature.com,The rate of sea-level rise has surged for decades — and the trend will persist,https://www.nature.com/articles/d41586-019-02385-y
wordpress,2019-08-04,url,effects,nytimes.com,Russian Land of Permafrost and Mammoths Is Thawing,https://www.nytimes.com/2019/08/04/world/europe/russia-siberia-yakutia-permafrost-global-warming.html?smid=nytcore-ios-share
wordpress,2019-08-02,url,effects,nytimes.com,"Europe’s Heat Wave, Fueled by Climate Change, Moves to Greenland",https://www.nytimes.com/2019/08/02/climate/european-heatwave-climate-change.html
wordpress,2019-09-01,url-month,effects,cnn.com,How our planet has changed over time,https://www.cnn.com/interactive/2019/09/world/climate-change-before-after/
wordpress,2017-02-28,url,other,cnn.com,The geography of American climate confusion: a visual guide,https://www.cnn.com/2017/02/28/us/sutter-climate-opinion-maps/index.html
wordpress,2020-09-29,page date (estimate),effects,climate.nasa.gov,https://climate.nasa.gov/vital-signs/carbon-dioxide/,https://climate.nasa.gov/vital-signs/carbon-dioxide/
wordpress,2020-09-29,page date (estimate),effects,sealevel.nasa.gov,https://sealevel.nasa.gov/,https://sealevel.nasa.gov/
wordpress,2020-09-29,page date (estimate),causes,esrl.noaa.gov,Global Monitoring Laboratory,https://www.esrl.noaa.gov/gmd/ccgg/trends_n2o/
wordpress,2020-09-29,page date (estimate),causes,esrl.noaa.gov,https://www.esrl.noaa.gov/gmd/ccgg/trends/,https://www.esrl.noaa.gov/gmd/ccgg/trends/
wordpress,2020-09-29,page date (estimate),causes,co2levels.org,https://www.co2levels.org/,https://www.co2levels.org/
wordpress,2020-09-29,page date (estimate),causes,esrl.noaa.gov,https://www.esrl.noaa.gov/gmd/ccgg/trends_ch4/,https://www.esrl.noaa.gov/gmd/ccgg/trends_ch4/
wordpress,2020-09-29,page date (estimate),causes,agupubs.onlinelibrary.wiley.com,Very Strong Atmospheric Methane Growth in the 4 Years 2014–2017: Implications for the Paris Agreement,https://agupubs.onlinelibrary.wiley.com/doi/full/10.1029/2018GB006009
